{
  "resourceType": "CapabilityStatement",
  "id": "base2",
  "text": {
    "status": "extensions",
    "div": "\u003cdiv xmlns\u003d\"http://www.w3.org/1999/xhtml\"\u003e\u003cp class\u003d\"res-header-id\"\u003e\u003cb\u003eGenerated Narrative: CapabilityStatement base2\u003c/b\u003e\u003c/p\u003e\u003ca name\u003d\"base2\"\u003e \u003c/a\u003e\u003ca name\u003d\"hcbase2\"\u003e \u003c/a\u003e\u003ch2 id\u003d\"title\"/\u003e\u003cul\u003e\u003cli\u003eImplementation Guide Version: 6.0.0-ballot3 \u003c/li\u003e\u003cli\u003eFHIR Version: 6.0.0-ballot3 \u003c/li\u003e\u003cli\u003eSupported Formats: \u003ccode\u003exml\u003c/code\u003e, \u003ccode\u003ejson\u003c/code\u003e\u003c/li\u003e\u003cli\u003ePublished on: 2025-08-25T21:44:10Z \u003c/li\u003e\u003cli\u003ePublished by: HL7 International / FHIR Infrastructure \u003c/li\u003e\u003c/ul\u003e\u003cblockquote class\u003d\"impl-note\"\u003e\u003cp\u003e\u003cstrong\u003eNote to Implementers: FHIR Capabilities\u003c/strong\u003e\u003c/p\u003e\u003cp\u003eAny FHIR capability may be \u0027allowed\u0027 by the system unless explicitly marked as \u0027SHALL NOT\u0027. A few items are marked as MAY in the Implementation Guide to highlight their potential relevance to the use case.\u003c/p\u003e\u003c/blockquote\u003e\u003ch2 id\u003d\"rest\"\u003eFHIR RESTful Capabilities\u003c/h2\u003e\u003cdiv class\u003d\"panel panel-default\"\u003e\u003cdiv class\u003d\"panel-heading\"\u003e\u003ch3 id\u003d\"mode1\" class\u003d\"panel-title\"\u003eMode: \u003ccode\u003eserver\u003c/code\u003e\u003c/h3\u003e\u003c/div\u003e\u003cdiv class\u003d\"panel-body\"\u003e\u003cdiv\u003e\u003cp\u003eAn empty Capability Statement\u003c/p\u003e\n\u003c/div\u003e\u003cdiv class\u003d\"lead\"\u003e\u003cem\u003eSecurity\u003c/em\u003e\u003c/div\u003e\u003cdiv class\u003d\"row\"\u003e\u003cdiv class\u003d\"col-lg-6\"\u003eEnable CORS: yes\u003c/div\u003e\u003cdiv class\u003d\"col-lg-6\"\u003eSecurity services supported: \u003ccode\u003eSMART-on-FHIR\u003c/code\u003e\u003c/div\u003e\u003c/div\u003e\u003cblockquote\u003e\u003cdiv\u003e\u003cp\u003eThis is the Capability Statement to declare that the server supports SMART-on-FHIR. See the SMART-on-FHIR docs for the extension that would go with such a server\u003c/p\u003e\n\u003c/div\u003e\u003c/blockquote\u003e\u003c/div\u003e\u003c/div\u003e\u003c/div\u003e"
  },
  "extension": [
    {
      "url": "http://hl7.org/fhir/StructureDefinition/structuredefinition-wg",
      "valueCode": "fhir"
    }
  ],
  "url": "http://hl7.org/fhir/CapabilityStatement/base2",
  "version": "6.0.0-ballot3",
  "name": "Base FHIR Capability Statement (Empty)",
  "status": "draft",
  "experimental": false,
  "date": "2025-08-25T21:44:10+00:00",
  "publisher": "HL7 International / FHIR Infrastructure",
  "contact": [
    {
      "telecom": [
        {
          "system": "url",
          "value": "http://www.hl7.org/Special/committees/fiwg"
        }
      ]
    }
  ],
  "description": "This is the base Capability Statement for FHIR. It represents a server that provides the none of the functionality defined by FHIR. It is provided to use as a template for system designers to build their own Capability Statements from. A capability statement has to contain something, so this contains a read of a Capability Statement",
  "kind": "capability",
  "software": {
    "name": "Insert your software name here..."
  },
  "fhirVersion": "6.0.0-ballot3",
  "format": [
    "xml",
    "json"
  ],
  "rest": [
    {
      "mode": "server",
      "documentation": "An empty Capability Statement",
      "security": {
        "cors": true,
        "service": [
          {
            "coding": [
              {
                "system": "http://terminology.hl7.org/CodeSystem/restful-security-service",
                "code": "SMART-on-FHIR",
                "display": "SMART-on-FHIR"
              }
            ],
            "text": "See http://docs.smarthealthit.org/"
          }
        ],
        "description": "This is the Capability Statement to declare that the server supports SMART-on-FHIR. See the SMART-on-FHIR docs for the extension that would go with such a server"
      }
    }
  ]
}