{
  "resourceType": "ClinicalUseDefinition",
  "id": "example-contraindication",
  "extension": [
    {
      "url": "http://hl7.org/fhir/StructureDefinition/structuredefinition-wg",
      "valueCode": "brr"
    }
  ],
  "type": "contraindication",
  "subject": [
    {}
  ],
  "contraindication": {
    "diseaseSymptomProcedure": {
      "concept": {
        "text": "Concomitant treatment with any other anticoagulant agent"
      }
    },
    "otherTherapy": [
      {
        "relationshipType": {
          "coding": [
            {
              "system": "http://ema.europa.eu/example/therapyrelationshiptype",
              "code": "Co-therapy(with)"
            }
          ]
        },
        "treatment": {
          "concept": {
            "coding": [
              {
                "system": "http://ema.europa.eu/example/medication",
                "code": "Oralanticoagulants"
              }
            ]
          }
        }
      },
      {
        "relationshipType": {
          "coding": [
            {
              "system": "http://ema.europa.eu/example/therapyrelationshiptype",
              "code": "Co-therapy(with)"
            }
          ]
        },
        "treatment": {
          "concept": {
            "coding": [
              {
                "system": "http://ema.europa.eu/example/medication",
                "code": "Lowmolecularweightheparins"
              }
            ]
          }
        }
      }
    ]
  },
  "meta": {
    "tag": [
      {
        "system": "http://terminology.hl7.org/CodeSystem/v3-ActReason",
        "code": "HTEST",
        "display": "test health data"
      }
    ]
  }
}