{
  "resourceType": "ConceptMap",
  "id": "cm-address-type-v3",
  "text": {
    "status": "generated",
    "div": "\u003cdiv xmlns\u003d\"http://www.w3.org/1999/xhtml\"\u003e\u003cp class\u003d\"res-header-id\"\u003e\u003cb\u003eGenerated Narrative: ConceptMap cm-address-type-v3\u003c/b\u003e\u003c/p\u003e\u003ca name\u003d\"cm-address-type-v3\"\u003e \u003c/a\u003e\u003ca name\u003d\"hccm-address-type-v3\"\u003e \u003c/a\u003e\u003cp\u003eMapping from \u003ca href\u003d\"valueset-address-type.html\"\u003eAddressType\u003c/a\u003e to \u003ca href\u003d\"http://terminology.hl7.org/6.5.0/ValueSet-v3-AddressUse.html\"\u003eAddressUse\u003c/a\u003e\u003c/p\u003e\u003cbr/\u003e\u003cp\u003e\u003cb\u003eGroup 1 \u003c/b\u003eMapping from \u003ca href\u003d\"codesystem-address-type.html\"\u003eAddressType\u003c/a\u003e to \u003ca href\u003d\"http://terminology.hl7.org/6.5.0/CodeSystem-v3-AddressUse.html\"\u003eAddressUse\u003c/a\u003e\u003c/p\u003e\u003ctable class\u003d\"grid\"\u003e\u003ctr\u003e\u003ctd\u003e\u003cb\u003eSource Code\u003c/b\u003e\u003c/td\u003e\u003ctd\u003e\u003cb\u003eRelationship\u003c/b\u003e\u003c/td\u003e\u003ctd\u003e\u003cb\u003eTarget Code\u003c/b\u003e\u003c/td\u003e\u003c/tr\u003e\u003ctr\u003e\u003ctd\u003epostal\u003c/td\u003e\u003ctd\u003e\u003ca href\u003d\"codesystem-concept-map-relationship.html#equivalent\" title\u003d\"equivalent\"\u003eis equivalent to\u003c/a\u003e\u003c/td\u003e\u003ctd\u003ePST (postal address)\u003c/td\u003e\u003c/tr\u003e\u003ctr\u003e\u003ctd\u003ephysical\u003c/td\u003e\u003ctd\u003e\u003ca href\u003d\"codesystem-concept-map-relationship.html#equivalent\" title\u003d\"equivalent\"\u003eis equivalent to\u003c/a\u003e\u003c/td\u003e\u003ctd\u003ePHYS (physical visit address)\u003c/td\u003e\u003c/tr\u003e\u003c/table\u003e\u003c/div\u003e"
  },
  "url": "http://hl7.org/fhir/ConceptMap/cm-address-type-v3",
  "version": "6.0.0-ballot3",
  "name": "v3.AddressType",
  "title": "v3 map for AddressType",
  "status": "draft",
  "experimental": false,
  "date": "2025-08-25T21:44:10+00:00",
  "publisher": "HL7 (FHIR Project)",
  "contact": [
    {
      "telecom": [
        {
          "system": "url",
          "value": "http://hl7.org/fhir"
        },
        {
          "system": "email",
          "value": "fhir@lists.hl7.org"
        }
      ]
    },
    {
      "telecom": [
        {
          "system": "url",
          "value": "http://www.hl7.org/Special/committees/fiwg"
        }
      ]
    }
  ],
  "jurisdiction": [
    {
      "coding": [
        {
          "system": "http://unstats.un.org/unsd/methods/m49/m49.htm",
          "code": "001",
          "display": "World"
        }
      ]
    }
  ],
  "sourceScopeCanonical": "http://hl7.org/fhir/ValueSet/address-type",
  "targetScopeCanonical": "http://terminology.hl7.org/ValueSet/v3-AddressUse",
  "group": [
    {
      "source": "http://hl7.org/fhir/address-type",
      "target": "http://terminology.hl7.org/CodeSystem/v3-AddressUse",
      "element": [
        {
          "code": "postal",
          "target": [
            {
              "code": "PST",
              "relationship": "equivalent"
            }
          ]
        },
        {
          "code": "physical",
          "target": [
            {
              "code": "PHYS",
              "relationship": "equivalent"
            }
          ]
        }
      ]
    }
  ]
}