{
  "resourceType": "ConceptMap",
  "id": "cm-administrative-gender-v2",
  "text": {
    "status": "generated",
    "div": "\u003cdiv xmlns\u003d\"http://www.w3.org/1999/xhtml\"\u003e\u003cp class\u003d\"res-header-id\"\u003e\u003cb\u003eGenerated Narrative: ConceptMap cm-administrative-gender-v2\u003c/b\u003e\u003c/p\u003e\u003ca name\u003d\"cm-administrative-gender-v2\"\u003e \u003c/a\u003e\u003ca name\u003d\"hccm-administrative-gender-v2\"\u003e \u003c/a\u003e\u003cp\u003eMapping from \u003ca href\u003d\"valueset-administrative-gender.html\"\u003eAdministrativeGender\u003c/a\u003e to \u003ca href\u003d\"http://terminology.hl7.org/6.5.0/ValueSet-v2-0001.html\"\u003ehl7VS-administrativeSex\u003c/a\u003e\u003c/p\u003e\u003cbr/\u003e\u003cp\u003e\u003cb\u003eGroup 1 \u003c/b\u003eMapping from \u003ca href\u003d\"codesystem-administrative-gender.html\"\u003eAdministrativeGender\u003c/a\u003e to \u003ca href\u003d\"http://terminology.hl7.org/6.5.0/CodeSystem-v2-0001.html\"\u003eadministrativeSex\u003c/a\u003e\u003c/p\u003e\u003ctable class\u003d\"grid\"\u003e\u003ctr\u003e\u003ctd colspan\u003d\"2\"\u003e\u003cb\u003eSource Concept Details\u003c/b\u003e\u003c/td\u003e\u003ctd\u003e\u003cb\u003eRelationship\u003c/b\u003e\u003c/td\u003e\u003ctd colspan\u003d\"2\"\u003e\u003cb\u003eTarget Concept Details\u003c/b\u003e\u003c/td\u003e\u003ctd\u003e\u003cb\u003eComment\u003c/b\u003e\u003c/td\u003e\u003c/tr\u003e\u003ctr\u003e\u003ctd colspan\u003d\"2\"\u003e\u003cb\u003eCodes\u003c/b\u003e from \u003ca href\u003d\"codesystem-administrative-gender.html\" title\u003d\"http://hl7.org/fhir/administrative-gender\"\u003eAdministrativeGender\u003c/a\u003e\u003c/td\u003e\u003ctd/\u003e\u003ctd colspan\u003d\"2\"\u003e\u003cb\u003eCodes\u003c/b\u003e from \u003ca href\u003d\"http://terminology.hl7.org/6.5.0/CodeSystem-v2-0001.html\" title\u003d\"http://terminology.hl7.org/CodeSystem/v2-0001\"\u003eadministrativeSex\u003c/a\u003e\u003c/td\u003e\u003ctd/\u003e\u003c/tr\u003e\u003ctr\u003e\u003ctd style\u003d\"border-right-width: 0px\"\u003emale\u003c/td\u003e\u003ctd style\u003d\"border-left-width: 0px\"\u003eMale\u003c/td\u003e\u003ctd\u003e\u003ca href\u003d\"codesystem-concept-map-relationship.html#equivalent\" title\u003d\"equivalent\"\u003eis equivalent to\u003c/a\u003e\u003c/td\u003e\u003ctd style\u003d\"border-right-width: 0px\"\u003eM\u003c/td\u003e\u003ctd style\u003d\"border-left-width: 0px\"\u003e\u003c/td\u003e\u003ctd/\u003e\u003c/tr\u003e\u003ctr\u003e\u003ctd style\u003d\"border-right-width: 0px\"\u003efemale\u003c/td\u003e\u003ctd style\u003d\"border-left-width: 0px\"\u003eFemale\u003c/td\u003e\u003ctd\u003e\u003ca href\u003d\"codesystem-concept-map-relationship.html#equivalent\" title\u003d\"equivalent\"\u003eis equivalent to\u003c/a\u003e\u003c/td\u003e\u003ctd style\u003d\"border-right-width: 0px\"\u003eF\u003c/td\u003e\u003ctd style\u003d\"border-left-width: 0px\"\u003e\u003c/td\u003e\u003ctd/\u003e\u003c/tr\u003e\u003ctr\u003e\u003ctd style\u003d\"border-right-width: 0px; border-bottom-style: none\"\u003eother\u003c/td\u003e\u003ctd style\u003d\"border-left-width: 0px; border-bottom-style: none\"\u003eOther\u003c/td\u003e\u003ctd\u003e\u003ca href\u003d\"codesystem-concept-map-relationship.html#source-is-broader-than-target\" title\u003d\"source-is-broader-than-target\"\u003eis broader than\u003c/a\u003e\u003c/td\u003e\u003ctd style\u003d\"border-right-width: 0px\"\u003eA\u003c/td\u003e\u003ctd style\u003d\"border-left-width: 0px\"\u003e\u003c/td\u003e\u003ctd\u003eSource concept \u0027other\u0027 is broader than target concept \u0027Ambiguous\u0027 because target concept does not include \u0027Other\u0027\u003c/td\u003e\u003c/tr\u003e\u003ctr\u003e\u003ctd style\u003d\"border-right-width: 0px; border-top-style: none\"/\u003e\u003ctd style\u003d\"border-top-style: none; border-left-width: 0px\"/\u003e\u003ctd\u003e\u003ca href\u003d\"codesystem-concept-map-relationship.html#source-is-broader-than-target\" title\u003d\"source-is-broader-than-target\"\u003eis broader than\u003c/a\u003e\u003c/td\u003e\u003ctd style\u003d\"border-right-width: 0px\"\u003eO\u003c/td\u003e\u003ctd style\u003d\"border-left-width: 0px\"\u003e\u003c/td\u003e\u003ctd\u003eSource concept \u0027other\u0027 is broader than target concept \u0027Other\u0027 because target concept does not include \u0027Ambiguous\u0027\u003c/td\u003e\u003c/tr\u003e\u003ctr\u003e\u003ctd style\u003d\"border-right-width: 0px\"\u003eunknown\u003c/td\u003e\u003ctd style\u003d\"border-left-width: 0px\"\u003eUnknown\u003c/td\u003e\u003ctd\u003e\u003ca href\u003d\"codesystem-concept-map-relationship.html#equivalent\" title\u003d\"equivalent\"\u003eis equivalent to\u003c/a\u003e\u003c/td\u003e\u003ctd style\u003d\"border-right-width: 0px\"\u003eU\u003c/td\u003e\u003ctd style\u003d\"border-left-width: 0px\"\u003e\u003c/td\u003e\u003ctd/\u003e\u003c/tr\u003e\u003c/table\u003e\u003c/div\u003e"
  },
  "url": "http://hl7.org/fhir/ConceptMap/cm-administrative-gender-v2",
  "version": "6.0.0-ballot3",
  "name": "v2.AdministrativeGender",
  "title": "v2 map for AdministrativeGender",
  "status": "draft",
  "experimental": false,
  "date": "2025-08-25T21:44:10+00:00",
  "publisher": "HL7 (FHIR Project)",
  "contact": [
    {
      "telecom": [
        {
          "system": "url",
          "value": "http://www.hl7.org/Special/committees/pafm"
        }
      ]
    }
  ],
  "jurisdiction": [
    {
      "coding": [
        {
          "system": "http://unstats.un.org/unsd/methods/m49/m49.htm",
          "code": "001",
          "display": "World"
        }
      ]
    }
  ],
  "sourceScopeCanonical": "http://hl7.org/fhir/ValueSet/administrative-gender",
  "targetScopeCanonical": "http://terminology.hl7.org/ValueSet/v2-0001",
  "group": [
    {
      "source": "http://hl7.org/fhir/administrative-gender",
      "target": "http://terminology.hl7.org/CodeSystem/v2-0001",
      "element": [
        {
          "code": "male",
          "target": [
            {
              "code": "M",
              "relationship": "equivalent"
            }
          ]
        },
        {
          "code": "female",
          "target": [
            {
              "code": "F",
              "relationship": "equivalent"
            }
          ]
        },
        {
          "code": "other",
          "target": [
            {
              "code": "A",
              "relationship": "source-is-broader-than-target",
              "comment": "Source concept \u0027other\u0027 is broader than target concept \u0027Ambiguous\u0027 because target concept does not include \u0027Other\u0027"
            },
            {
              "code": "O",
              "relationship": "source-is-broader-than-target",
              "comment": "Source concept \u0027other\u0027 is broader than target concept \u0027Other\u0027 because target concept does not include \u0027Ambiguous\u0027"
            }
          ]
        },
        {
          "code": "unknown",
          "target": [
            {
              "code": "U",
              "relationship": "equivalent"
            }
          ]
        }
      ]
    }
  ]
}