{
  "resourceType": "ConceptMap",
  "id": "cm-contact-point-system-v2",
  "text": {
    "status": "generated",
    "div": "\u003cdiv xmlns\u003d\"http://www.w3.org/1999/xhtml\"\u003e\u003cp class\u003d\"res-header-id\"\u003e\u003cb\u003eGenerated Narrative: ConceptMap cm-contact-point-system-v2\u003c/b\u003e\u003c/p\u003e\u003ca name\u003d\"cm-contact-point-system-v2\"\u003e \u003c/a\u003e\u003ca name\u003d\"hccm-contact-point-system-v2\"\u003e \u003c/a\u003e\u003cp\u003eMapping from \u003ca href\u003d\"valueset-contact-point-system.html\"\u003eContactPointSystem\u003c/a\u003e to \u003ca href\u003d\"http://terminology.hl7.org/6.5.0/ValueSet-v2-0202.html\"\u003ehl7VS-telecommunicationEquipmentType\u003c/a\u003e\u003c/p\u003e\u003cbr/\u003e\u003cp\u003e\u003cb\u003eGroup 1 \u003c/b\u003eMapping from \u003ca href\u003d\"codesystem-contact-point-system.html\"\u003eContactPointSystem\u003c/a\u003e to \u003ca href\u003d\"http://terminology.hl7.org/6.5.0/CodeSystem-v2-0202.html\"\u003etelecommunicationEquipmentType\u003c/a\u003e\u003c/p\u003e\u003ctable class\u003d\"grid\"\u003e\u003ctr\u003e\u003ctd\u003e\u003cb\u003eSource Code\u003c/b\u003e\u003c/td\u003e\u003ctd\u003e\u003cb\u003eRelationship\u003c/b\u003e\u003c/td\u003e\u003ctd\u003e\u003cb\u003eTarget Code\u003c/b\u003e\u003c/td\u003e\u003ctd\u003e\u003cb\u003eComment\u003c/b\u003e\u003c/td\u003e\u003c/tr\u003e\u003ctr\u003e\u003ctd\u003ephone\u003c/td\u003e\u003ctd\u003e\u003ca href\u003d\"codesystem-concept-map-relationship.html#equivalent\" title\u003d\"equivalent\"\u003eis equivalent to\u003c/a\u003e\u003c/td\u003e\u003ctd\u003ePH (Telephone)\u003c/td\u003e\u003ctd/\u003e\u003c/tr\u003e\u003ctr\u003e\u003ctd\u003efax\u003c/td\u003e\u003ctd\u003e\u003ca href\u003d\"codesystem-concept-map-relationship.html#equivalent\" title\u003d\"equivalent\"\u003eis equivalent to\u003c/a\u003e\u003c/td\u003e\u003ctd\u003eFX (Fax)\u003c/td\u003e\u003ctd/\u003e\u003c/tr\u003e\u003ctr\u003e\u003ctd\u003eemail\u003c/td\u003e\u003ctd\u003e\u003ca href\u003d\"codesystem-concept-map-relationship.html#source-is-narrower-than-target\" title\u003d\"source-is-narrower-than-target\"\u003eis narrower than\u003c/a\u003e\u003c/td\u003e\u003ctd\u003eInternet (Internet Address)\u003c/td\u003e\u003ctd\u003efor email addresses\u003c/td\u003e\u003c/tr\u003e\u003ctr\u003e\u003ctd\u003epager\u003c/td\u003e\u003ctd\u003e\u003ca href\u003d\"codesystem-concept-map-relationship.html#equivalent\" title\u003d\"equivalent\"\u003eis equivalent to\u003c/a\u003e\u003c/td\u003e\u003ctd\u003eBP (Beeper)\u003c/td\u003e\u003ctd/\u003e\u003c/tr\u003e\u003ctr\u003e\u003ctd\u003eurl\u003c/td\u003e\u003ctd\u003e\u003ca href\u003d\"codesystem-concept-map-relationship.html#source-is-narrower-than-target\" title\u003d\"source-is-narrower-than-target\"\u003eis narrower than\u003c/a\u003e\u003c/td\u003e\u003ctd\u003eInternet (Internet Address)\u003c/td\u003e\u003ctd\u003efor non-email kinds of addresses\u003c/td\u003e\u003c/tr\u003e\u003c/table\u003e\u003c/div\u003e"
  },
  "url": "http://hl7.org/fhir/ConceptMap/cm-contact-point-system-v2",
  "version": "6.0.0-ballot3",
  "name": "v2.ContactPointSystem",
  "title": "v2 map for ContactPointSystem",
  "status": "draft",
  "experimental": false,
  "date": "2025-08-25T21:44:10+00:00",
  "publisher": "HL7 (FHIR Project)",
  "contact": [
    {
      "telecom": [
        {
          "system": "url",
          "value": "http://hl7.org/fhir"
        },
        {
          "system": "email",
          "value": "fhir@lists.hl7.org"
        }
      ]
    },
    {
      "telecom": [
        {
          "system": "url",
          "value": "http://www.hl7.org/Special/committees/fiwg"
        }
      ]
    }
  ],
  "jurisdiction": [
    {
      "coding": [
        {
          "system": "http://unstats.un.org/unsd/methods/m49/m49.htm",
          "code": "001",
          "display": "World"
        }
      ]
    }
  ],
  "sourceScopeCanonical": "http://hl7.org/fhir/ValueSet/contact-point-system",
  "targetScopeCanonical": "http://terminology.hl7.org/ValueSet/v2-0202",
  "group": [
    {
      "source": "http://hl7.org/fhir/contact-point-system",
      "target": "http://terminology.hl7.org/CodeSystem/v2-0202",
      "element": [
        {
          "code": "phone",
          "target": [
            {
              "code": "PH",
              "relationship": "equivalent"
            }
          ]
        },
        {
          "code": "fax",
          "target": [
            {
              "code": "FX",
              "relationship": "equivalent"
            }
          ]
        },
        {
          "code": "email",
          "target": [
            {
              "code": "Internet",
              "relationship": "source-is-narrower-than-target",
              "comment": "for email addresses"
            }
          ]
        },
        {
          "code": "pager",
          "target": [
            {
              "code": "BP",
              "relationship": "equivalent"
            }
          ]
        },
        {
          "code": "url",
          "target": [
            {
              "code": "Internet",
              "relationship": "source-is-narrower-than-target",
              "comment": "for non-email kinds of addresses"
            }
          ]
        }
      ]
    }
  ]
}