{
  "resourceType": "CodeSystem",
  "id": "metric-calibration-state",
  "meta": {
    "lastUpdated": "2025-08-25T21:44:10.587+00:00",
    "profile": [
      "http://hl7.org/fhir/StructureDefinition/shareablecodesystem"
    ]
  },
  "text": {
    "status": "generated",
    "div": "\u003cdiv xmlns\u003d\"http://www.w3.org/1999/xhtml\"\u003e\u003cp class\u003d\"res-header-id\"\u003e\u003cb\u003eGenerated Narrative: CodeSystem metric-calibration-state\u003c/b\u003e\u003c/p\u003e\u003ca name\u003d\"metric-calibration-state\"\u003e \u003c/a\u003e\u003ca name\u003d\"hcmetric-calibration-state\"\u003e \u003c/a\u003e\u003cdiv style\u003d\"display: inline-block; background-color: #d9e0e7; padding: 6px; margin: 4px; border: 1px solid #8da1b4; border-radius: 5px; line-height: 60%\"\u003e\u003cp style\u003d\"margin-bottom: 0px\"/\u003e\u003cp style\u003d\"margin-bottom: 0px\"\u003eProfile: \u003ca href\u003d\"shareablecodesystem.html\"\u003eShareable CodeSystem\u003c/a\u003e\u003c/p\u003e\u003c/div\u003e\u003cp\u003eThis case-sensitive code system \u003ccode\u003ehttp://hl7.org/fhir/metric-calibration-state\u003c/code\u003e defines the following codes:\u003c/p\u003e\u003ctable class\u003d\"codes\"\u003e\u003ctr\u003e\u003ctd style\u003d\"white-space:nowrap\"\u003e\u003cb\u003eCode\u003c/b\u003e\u003c/td\u003e\u003ctd\u003e\u003cb\u003eDisplay\u003c/b\u003e\u003c/td\u003e\u003ctd\u003e\u003cb\u003eDefinition\u003c/b\u003e\u003c/td\u003e\u003c/tr\u003e\u003ctr\u003e\u003ctd style\u003d\"white-space:nowrap\"\u003enot-calibrated\u003ca name\u003d\"metric-calibration-state-not-calibrated\"\u003e \u003c/a\u003e\u003c/td\u003e\u003ctd\u003eNot Calibrated\u003c/td\u003e\u003ctd\u003eThe metric has not been calibrated.\u003c/td\u003e\u003c/tr\u003e\u003ctr\u003e\u003ctd style\u003d\"white-space:nowrap\"\u003ecalibration-required\u003ca name\u003d\"metric-calibration-state-calibration-required\"\u003e \u003c/a\u003e\u003c/td\u003e\u003ctd\u003eCalibration Required\u003c/td\u003e\u003ctd\u003eThe metric needs to be calibrated.\u003c/td\u003e\u003c/tr\u003e\u003ctr\u003e\u003ctd style\u003d\"white-space:nowrap\"\u003ecalibrated\u003ca name\u003d\"metric-calibration-state-calibrated\"\u003e \u003c/a\u003e\u003c/td\u003e\u003ctd\u003eCalibrated\u003c/td\u003e\u003ctd\u003eThe metric has been calibrated.\u003c/td\u003e\u003c/tr\u003e\u003ctr\u003e\u003ctd style\u003d\"white-space:nowrap\"\u003eunspecified\u003ca name\u003d\"metric-calibration-state-unspecified\"\u003e \u003c/a\u003e\u003c/td\u003e\u003ctd\u003eUnspecified\u003c/td\u003e\u003ctd\u003eThe state of calibration of this metric is unspecified.\u003c/td\u003e\u003c/tr\u003e\u003c/table\u003e\u003c/div\u003e"
  },
  "extension": [
    {
      "url": "http://hl7.org/fhir/StructureDefinition/structuredefinition-wg",
      "valueCode": "dev"
    },
    {
      "url": "http://hl7.org/fhir/StructureDefinition/structuredefinition-standards-status",
      "valueCode": "trial-use"
    },
    {
      "url": "http://hl7.org/fhir/StructureDefinition/structuredefinition-fmm",
      "valueInteger": 1
    }
  ],
  "url": "http://hl7.org/fhir/metric-calibration-state",
  "identifier": [
    {
      "system": "urn:ietf:rfc:3986",
      "value": "urn:oid:2.16.840.1.113883.4.642.4.653"
    },
    {
      "use": "old",
      "system": "urn:ietf:rfc:3986",
      "value": "urn:oid:2.16.840.1.113883.4.642.1.637"
    },
    {
      "use": "old",
      "system": "urn:ietf:rfc:3986",
      "value": "urn:oid:2.16.840.1.113883.4.642.2.340"
    }
  ],
  "version": "6.0.0-ballot3",
  "name": "DeviceMetricCalibrationState",
  "title": "Device Metric Calibration State",
  "status": "active",
  "experimental": false,
  "date": "2021-01-05T10:01:24+11:00",
  "publisher": "HL7 (FHIR Project)",
  "contact": [
    {
      "telecom": [
        {
          "system": "url",
          "value": "http://hl7.org/fhir"
        },
        {
          "system": "email",
          "value": "fhir@lists.hl7.org"
        }
      ]
    }
  ],
  "description": "Describes the state of a metric calibration.",
  "jurisdiction": [
    {
      "coding": [
        {
          "system": "http://unstats.un.org/unsd/methods/m49/m49.htm",
          "code": "001",
          "display": "World"
        }
      ]
    }
  ],
  "caseSensitive": true,
  "valueSet": "http://hl7.org/fhir/ValueSet/metric-calibration-state",
  "content": "complete",
  "concept": [
    {
      "code": "not-calibrated",
      "display": "Not Calibrated",
      "definition": "The metric has not been calibrated."
    },
    {
      "code": "calibration-required",
      "display": "Calibration Required",
      "definition": "The metric needs to be calibrated."
    },
    {
      "code": "calibrated",
      "display": "Calibrated",
      "definition": "The metric has been calibrated."
    },
    {
      "code": "unspecified",
      "display": "Unspecified",
      "definition": "The state of calibration of this metric is unspecified."
    }
  ]
}