{
  "resourceType": "CodeSystem",
  "id": "risk-assessment-outcome",
  "meta": {
    "lastUpdated": "2025-08-26T08:44:10.587+11:00",
    "profile": [
      "http://hl7.org/fhir/StructureDefinition/shareablecodesystem"
    ]
  },
  "text": {
    "status": "generated",
    "div": "\u003cdiv xmlns\u003d\"http://www.w3.org/1999/xhtml\"\u003e\u003cp class\u003d\"res-header-id\"\u003e\u003cb\u003eGenerated Narrative: CodeSystem risk-assessment-outcome\u003c/b\u003e\u003c/p\u003e\u003ca name\u003d\"risk-assessment-outcome\"\u003e \u003c/a\u003e\u003ca name\u003d\"hcrisk-assessment-outcome\"\u003e \u003c/a\u003e\u003cdiv style\u003d\"display: inline-block; background-color: #d9e0e7; padding: 6px; margin: 4px; border: 1px solid #8da1b4; border-radius: 5px; line-height: 60%\"\u003e\u003cp style\u003d\"margin-bottom: 0px\"\u003eLast updated: 2021-01-05T10:01:24.148+11:00\u003c/p\u003e\u003cp style\u003d\"margin-bottom: 0px\"\u003eProfile: \u003ca href\u003d\"shareablecodesystem.html\"\u003eShareable CodeSystem\u003c/a\u003e\u003c/p\u003e\u003c/div\u003e\u003cp\u003eThis case-sensitive code system \u003ccode\u003ehttp://hl7.org/fhir/risk-assessment-outcome\u003c/code\u003e defines the following codes:\u003c/p\u003e\u003ctable class\u003d\"codes\"\u003e\u003ctr\u003e\u003ctd style\u003d\"white-space:nowrap\"\u003e\u003cb\u003eCode\u003c/b\u003e\u003c/td\u003e\u003ctd\u003e\u003cb\u003eDisplay\u003c/b\u003e\u003c/td\u003e\u003ctd\u003e\u003cb\u003eDefinition\u003c/b\u003e\u003c/td\u003e\u003c/tr\u003e\u003ctr\u003e\u003ctd style\u003d\"white-space:nowrap\"\u003edeath\u003ca name\u003d\"risk-assessment-outcome-death\"\u003e \u003c/a\u003e\u003c/td\u003e\u003ctd\u003eDeath\u003c/td\u003e\u003ctd\u003eDeath\u003c/td\u003e\u003c/tr\u003e\u003ctr\u003e\u003ctd style\u003d\"white-space:nowrap\"\u003eremission\u003ca name\u003d\"risk-assessment-outcome-remission\"\u003e \u003c/a\u003e\u003c/td\u003e\u003ctd\u003eRemission\u003c/td\u003e\u003ctd\u003eRemission\u003c/td\u003e\u003c/tr\u003e\u003ctr\u003e\u003ctd style\u003d\"white-space:nowrap\"\u003eamputation\u003ca name\u003d\"risk-assessment-outcome-amputation\"\u003e \u003c/a\u003e\u003c/td\u003e\u003ctd\u003eAmputation\u003c/td\u003e\u003ctd\u003eAmputation\u003c/td\u003e\u003c/tr\u003e\u003ctr\u003e\u003ctd style\u003d\"white-space:nowrap\"\u003einfection\u003ca name\u003d\"risk-assessment-outcome-infection\"\u003e \u003c/a\u003e\u003c/td\u003e\u003ctd\u003eInfection\u003c/td\u003e\u003ctd\u003eInfection\u003c/td\u003e\u003c/tr\u003e\u003c/table\u003e\u003c/div\u003e"
  },
  "extension": [
    {
      "url": "http://hl7.org/fhir/StructureDefinition/structuredefinition-wg",
      "valueCode": "cds"
    },
    {
      "url": "http://hl7.org/fhir/StructureDefinition/structuredefinition-standards-status",
      "valueCode": "trial-use"
    },
    {
      "url": "http://hl7.org/fhir/StructureDefinition/structuredefinition-fmm",
      "valueInteger": 1
    }
  ],
  "url": "http://hl7.org/fhir/risk-assessment-outcome",
  "version": "6.0.0-ballot3",
  "name": "RiskAssessmentOutcome",
  "title": "Risk Assessment Outcome",
  "status": "active",
  "experimental": true,
  "publisher": "HL7 (FHIR Project)",
  "contact": [
    {
      "telecom": [
        {
          "system": "url",
          "value": "http://hl7.org/fhir"
        },
        {
          "system": "email",
          "value": "fhir@lists.hl7.org"
        }
      ]
    }
  ],
  "description": "Example code system illustrating possible codes for identifying the condition or other outcome; e.g. death, remission, amputation, infection, etc.",
  "jurisdiction": [
    {
      "coding": [
        {
          "system": "http://unstats.un.org/unsd/methods/m49/m49.htm",
          "code": "001",
          "display": "World"
        }
      ]
    }
  ],
  "caseSensitive": true,
  "valueSet": "http://hl7.org/fhir/ValueSet/risk-assessment-outcome",
  "content": "complete",
  "concept": [
    {
      "code": "death",
      "display": "Death",
      "definition": "Death"
    },
    {
      "code": "remission",
      "display": "Remission",
      "definition": "Remission"
    },
    {
      "code": "amputation",
      "display": "Amputation",
      "definition": "Amputation"
    },
    {
      "code": "infection",
      "display": "Infection",
      "definition": "Infection"
    }
  ]
}