{
  "resourceType": "CodeSystem",
  "id": "report-action-result-codes",
  "meta": {
    "lastUpdated": "2025-08-25T21:44:10.587+00:00",
    "profile": [
      "http://hl7.org/fhir/StructureDefinition/shareablecodesystem"
    ]
  },
  "text": {
    "status": "generated",
    "div": "\u003cdiv xmlns\u003d\"http://www.w3.org/1999/xhtml\"\u003e\u003cp class\u003d\"res-header-id\"\u003e\u003cb\u003eGenerated Narrative: CodeSystem report-action-result-codes\u003c/b\u003e\u003c/p\u003e\u003ca name\u003d\"report-action-result-codes\"\u003e \u003c/a\u003e\u003ca name\u003d\"hcreport-action-result-codes\"\u003e \u003c/a\u003e\u003cdiv style\u003d\"display: inline-block; background-color: #d9e0e7; padding: 6px; margin: 4px; border: 1px solid #8da1b4; border-radius: 5px; line-height: 60%\"\u003e\u003cp style\u003d\"margin-bottom: 0px\"/\u003e\u003cp style\u003d\"margin-bottom: 0px\"\u003eProfile: \u003ca href\u003d\"shareablecodesystem.html\"\u003eShareable CodeSystem\u003c/a\u003e\u003c/p\u003e\u003c/div\u003e\u003cp\u003eThis case-sensitive code system \u003ccode\u003ehttp://hl7.org/fhir/report-action-result-codes\u003c/code\u003e defines the following codes:\u003c/p\u003e\u003ctable class\u003d\"codes\"\u003e\u003ctr\u003e\u003ctd style\u003d\"white-space:nowrap\"\u003e\u003cb\u003eCode\u003c/b\u003e\u003c/td\u003e\u003ctd\u003e\u003cb\u003eDisplay\u003c/b\u003e\u003c/td\u003e\u003ctd\u003e\u003cb\u003eDefinition\u003c/b\u003e\u003c/td\u003e\u003c/tr\u003e\u003ctr\u003e\u003ctd style\u003d\"white-space:nowrap\"\u003epass\u003ca name\u003d\"report-action-result-codes-pass\"\u003e \u003c/a\u003e\u003c/td\u003e\u003ctd\u003ePass\u003c/td\u003e\u003ctd\u003eThe action was successful.\u003c/td\u003e\u003c/tr\u003e\u003ctr\u003e\u003ctd style\u003d\"white-space:nowrap\"\u003eskip\u003ca name\u003d\"report-action-result-codes-skip\"\u003e \u003c/a\u003e\u003c/td\u003e\u003ctd\u003eSkip\u003c/td\u003e\u003ctd\u003eThe action was skipped.\u003c/td\u003e\u003c/tr\u003e\u003ctr\u003e\u003ctd style\u003d\"white-space:nowrap\"\u003efail\u003ca name\u003d\"report-action-result-codes-fail\"\u003e \u003c/a\u003e\u003c/td\u003e\u003ctd\u003eFail\u003c/td\u003e\u003ctd\u003eThe action failed.\u003c/td\u003e\u003c/tr\u003e\u003ctr\u003e\u003ctd style\u003d\"white-space:nowrap\"\u003ewarning\u003ca name\u003d\"report-action-result-codes-warning\"\u003e \u003c/a\u003e\u003c/td\u003e\u003ctd\u003eWarning\u003c/td\u003e\u003ctd\u003eThe action passed but with warnings.\u003c/td\u003e\u003c/tr\u003e\u003ctr\u003e\u003ctd style\u003d\"white-space:nowrap\"\u003eerror\u003ca name\u003d\"report-action-result-codes-error\"\u003e \u003c/a\u003e\u003c/td\u003e\u003ctd\u003eError\u003c/td\u003e\u003ctd\u003eThe action encountered a fatal error and the engine was unable to process.\u003c/td\u003e\u003c/tr\u003e\u003c/table\u003e\u003c/div\u003e"
  },
  "extension": [
    {
      "url": "http://hl7.org/fhir/StructureDefinition/structuredefinition-wg",
      "valueCode": "fhir"
    },
    {
      "url": "http://hl7.org/fhir/StructureDefinition/structuredefinition-standards-status",
      "valueCode": "trial-use"
    },
    {
      "url": "http://hl7.org/fhir/StructureDefinition/structuredefinition-fmm",
      "valueInteger": 0
    }
  ],
  "url": "http://hl7.org/fhir/report-action-result-codes",
  "identifier": [
    {
      "system": "urn:ietf:rfc:3986",
      "value": "urn:oid:2.16.840.1.113883.4.642.4.721"
    },
    {
      "use": "old",
      "system": "urn:ietf:rfc:3986",
      "value": "urn:oid:2.16.840.1.113883.4.642.1.709"
    }
  ],
  "version": "6.0.0-ballot3",
  "name": "TestReportActionResult",
  "title": "Test Report Action Result",
  "status": "active",
  "experimental": false,
  "date": "2021-01-05T10:01:24+11:00",
  "publisher": "HL7 (FHIR Project)",
  "contact": [
    {
      "telecom": [
        {
          "system": "url",
          "value": "http://hl7.org/fhir"
        },
        {
          "system": "email",
          "value": "fhir@lists.hl7.org"
        }
      ]
    }
  ],
  "description": "The results of executing an action.",
  "jurisdiction": [
    {
      "coding": [
        {
          "system": "http://unstats.un.org/unsd/methods/m49/m49.htm",
          "code": "001",
          "display": "World"
        }
      ]
    }
  ],
  "caseSensitive": true,
  "valueSet": "http://hl7.org/fhir/ValueSet/report-action-result-codes",
  "content": "complete",
  "concept": [
    {
      "code": "pass",
      "display": "Pass",
      "definition": "The action was successful."
    },
    {
      "code": "skip",
      "display": "Skip",
      "definition": "The action was skipped."
    },
    {
      "code": "fail",
      "display": "Fail",
      "definition": "The action failed."
    },
    {
      "code": "warning",
      "display": "Warning",
      "definition": "The action passed but with warnings."
    },
    {
      "code": "error",
      "display": "Error",
      "definition": "The action encountered a fatal error and the engine was unable to process."
    }
  ]
}