{
  "resourceType": "CodeSystem",
  "id": "example-metadata-2",
  "meta": {
    "profile": [
      "http://hl7.org/fhir/StructureDefinition/shareablecodesystem"
    ]
  },
  "text": {
    "status": "generated",
    "div": "\u003cdiv xmlns\u003d\"http://www.w3.org/1999/xhtml\"\u003e\n      \u003cp class\u003d\"res-header-id\"\u003e\n        \u003cb\u003eGenerated Narrative: CodeSystem example-metadata-2\u003c/b\u003e\n      \u003c/p\u003e\n      \u003ca name\u003d\"example-metadata-2\"\u003e \u003c/a\u003e\n      \u003ca name\u003d\"hcexample-metadata-2\"\u003e \u003c/a\u003e\n      \u003cdiv style\u003d\"display: inline-block; background-color: #d9e0e7; padding: 6px; margin: 4px; border: 1px solid #8da1b4; border-radius: 5px; line-height: 60%\"\u003e\n        \u003cp style\u003d\"margin-bottom: 0px\"/\u003e\n        \u003cp style\u003d\"margin-bottom: 0px\"\u003eProfile: \n          \u003ca href\u003d\"shareablecodesystem.html\"\u003eShareable CodeSystem\u003c/a\u003e\n        \u003c/p\u003e\n      \u003c/div\u003e\n      \u003cp\u003eThis case-sensitive code system \n        \u003ccode\u003ehttp://hl7.org/fhir/CodeSystem/example-metadata-2\u003c/code\u003e defines the following codes:\n      \u003c/p\u003e\n      \u003ctable class\u003d\"codes\"\u003e\n        \u003ctr\u003e\n          \u003ctd style\u003d\"white-space:nowrap\"\u003e\n            \u003cb\u003eCode\u003c/b\u003e\n          \u003c/td\u003e\n          \u003ctd\u003e\n            \u003cb\u003eDefinition\u003c/b\u003e\n          \u003c/td\u003e\n        \u003c/tr\u003e\n        \u003ctr\u003e\n          \u003ctd style\u003d\"white-space:nowrap\"\u003eA\n            \u003ca name\u003d\"example-metadata-2-A\"\u003e \u003c/a\u003e\n          \u003c/td\u003e\n          \u003ctd\u003eA\u003c/td\u003e\n        \u003c/tr\u003e\n        \u003ctr\u003e\n          \u003ctd style\u003d\"white-space:nowrap\"\u003eB\n            \u003ca name\u003d\"example-metadata-2-B\"\u003e \u003c/a\u003e\n          \u003c/td\u003e\n          \u003ctd\u003eB\u003c/td\u003e\n        \u003c/tr\u003e\n        \u003ctr\u003e\n          \u003ctd style\u003d\"white-space:nowrap\"\u003eC\n            \u003ca name\u003d\"example-metadata-2-C\"\u003e \u003c/a\u003e\n          \u003c/td\u003e\n          \u003ctd\u003eC\u003c/td\u003e\n        \u003c/tr\u003e\n        \u003ctr\u003e\n          \u003ctd style\u003d\"white-space:nowrap\"\u003eD\n            \u003ca name\u003d\"example-metadata-2-D\"\u003e \u003c/a\u003e\n          \u003c/td\u003e\n          \u003ctd\u003eD\u003c/td\u003e\n        \u003c/tr\u003e\n      \u003c/table\u003e\n    \u003c/div\u003e"
  },
  "extension": [
    {
      "url": "http://hl7.org/fhir/StructureDefinition/structuredefinition-wg",
      "valueCode": "vocab"
    }
  ],
  "url": "http://hl7.org/fhir/CodeSystem/example-metadata-2",
  "identifier": [
    {
      "system": "urn:ietf:rfc:3986",
      "value": "urn:oid:2.16.840.1.113883.4.642.4.1829"
    }
  ],
  "version": "6.0.0-ballot3",
  "name": "ExampleMetadata",
  "title": "Metadata Example",
  "status": "draft",
  "experimental": true,
  "date": "2022-07-21",
  "publisher": "HL7 International / Terminology Infrastructure",
  "contact": [
    {
      "telecom": [
        {
          "system": "url",
          "value": "http://www.hl7.org/Special/committees/Vocab"
        }
      ]
    }
  ],
  "description": "This is an example code system that illustrates usage of the metadata resource elements introduced in R5",
  "approvalDate": "2021-07-21",
  "lastReviewDate": "2022-07-21",
  "effectivePeriod": {
    "start": "2022-08-01",
    "end": "2023-07-31"
  },
  "topic": [
    {
      "coding": [
        {
          "system": "http://terminology.hl7.org/CodeSystem/definition-topic",
          "code": "treatment",
          "display": "Treatment"
        }
      ]
    }
  ],
  "author": [
    {
      "name": "ACME CodeSystem Development",
      "telecom": [
        {
          "system": "url",
          "value": "http://acme.org/development"
        }
      ]
    }
  ],
  "editor": [
    {
      "name": "ACME CodeSystem Management",
      "telecom": [
        {
          "system": "url",
          "value": "http://acme.org/management"
        }
      ]
    }
  ],
  "reviewer": [
    {
      "name": "Society for Creative CodeSystem Review",
      "telecom": [
        {
          "system": "url",
          "value": "http://example.org/sccr"
        }
      ]
    }
  ],
  "endorser": [
    {
      "name": "National Foundation for CodeSystem Quality",
      "telecom": [
        {
          "system": "url",
          "value": "http://example.org/nfcq"
        }
      ]
    }
  ],
  "relatedArtifact": [
    {
      "type": "derived-from",
      "resource": "http://hl7.org/fhir/CodeSystem/example"
    },
    {
      "type": "predecessor",
      "resource": "http://hl7.org/fhir/CodeSystem/example-metadata|20210701"
    }
  ],
  "caseSensitive": true,
  "content": "complete",
  "concept": [
    {
      "code": "A",
      "display": "A",
      "definition": "A"
    },
    {
      "code": "B",
      "display": "B",
      "definition": "B"
    },
    {
      "code": "C",
      "display": "C",
      "definition": "C"
    },
    {
      "code": "D",
      "display": "D",
      "definition": "D"
    }
  ]
}