{
  "resourceType": "CodeSystem",
  "id": "audit-event-action",
  "meta": {
    "lastUpdated": "2025-08-25T21:44:10.587+00:00",
    "profile": [
      "http://hl7.org/fhir/StructureDefinition/shareablecodesystem"
    ]
  },
  "text": {
    "status": "generated",
    "div": "\u003cdiv xmlns\u003d\"http://www.w3.org/1999/xhtml\"\u003e\u003cp class\u003d\"res-header-id\"\u003e\u003cb\u003eGenerated Narrative: CodeSystem audit-event-action\u003c/b\u003e\u003c/p\u003e\u003ca name\u003d\"audit-event-action\"\u003e \u003c/a\u003e\u003ca name\u003d\"hcaudit-event-action\"\u003e \u003c/a\u003e\u003cdiv style\u003d\"display: inline-block; background-color: #d9e0e7; padding: 6px; margin: 4px; border: 1px solid #8da1b4; border-radius: 5px; line-height: 60%\"\u003e\u003cp style\u003d\"margin-bottom: 0px\"/\u003e\u003cp style\u003d\"margin-bottom: 0px\"\u003eProfile: \u003ca href\u003d\"shareablecodesystem.html\"\u003eShareable CodeSystem\u003c/a\u003e\u003c/p\u003e\u003c/div\u003e\u003cp\u003eThis case-sensitive code system \u003ccode\u003ehttp://hl7.org/fhir/audit-event-action\u003c/code\u003e defines the following codes:\u003c/p\u003e\u003ctable class\u003d\"codes\"\u003e\u003ctr\u003e\u003ctd style\u003d\"white-space:nowrap\"\u003e\u003cb\u003eCode\u003c/b\u003e\u003c/td\u003e\u003ctd\u003e\u003cb\u003eDisplay\u003c/b\u003e\u003c/td\u003e\u003ctd\u003e\u003cb\u003eDefinition\u003c/b\u003e\u003c/td\u003e\u003c/tr\u003e\u003ctr\u003e\u003ctd style\u003d\"white-space:nowrap\"\u003eC\u003ca name\u003d\"audit-event-action-C\"\u003e \u003c/a\u003e\u003c/td\u003e\u003ctd\u003eCreate\u003c/td\u003e\u003ctd\u003eCreate a new database object, such as placing an order.\u003c/td\u003e\u003c/tr\u003e\u003ctr\u003e\u003ctd style\u003d\"white-space:nowrap\"\u003eR\u003ca name\u003d\"audit-event-action-R\"\u003e \u003c/a\u003e\u003c/td\u003e\u003ctd\u003eRead\u003c/td\u003e\u003ctd\u003eRead data, such as to print or display to a doctor.\u003c/td\u003e\u003c/tr\u003e\u003ctr\u003e\u003ctd style\u003d\"white-space:nowrap\"\u003eU\u003ca name\u003d\"audit-event-action-U\"\u003e \u003c/a\u003e\u003c/td\u003e\u003ctd\u003eUpdate\u003c/td\u003e\u003ctd\u003eUpdate data, such as revise patient information.\u003c/td\u003e\u003c/tr\u003e\u003ctr\u003e\u003ctd style\u003d\"white-space:nowrap\"\u003eD\u003ca name\u003d\"audit-event-action-D\"\u003e \u003c/a\u003e\u003c/td\u003e\u003ctd\u003eDelete\u003c/td\u003e\u003ctd\u003eDelete items, such as a doctor master file record.\u003c/td\u003e\u003c/tr\u003e\u003ctr\u003e\u003ctd style\u003d\"white-space:nowrap\"\u003eE\u003ca name\u003d\"audit-event-action-E\"\u003e \u003c/a\u003e\u003c/td\u003e\u003ctd\u003eExecute\u003c/td\u003e\u003ctd\u003ePerform a system or application function such as log-on, program execution or use of an object\u0027s method, or perform a query/search operation.\u003c/td\u003e\u003c/tr\u003e\u003c/table\u003e\u003c/div\u003e"
  },
  "extension": [
    {
      "url": "http://hl7.org/fhir/StructureDefinition/structuredefinition-wg",
      "valueCode": "sec"
    },
    {
      "url": "http://hl7.org/fhir/StructureDefinition/structuredefinition-standards-status",
      "valueCode": "trial-use"
    },
    {
      "url": "http://hl7.org/fhir/StructureDefinition/structuredefinition-fmm",
      "valueInteger": 3
    }
  ],
  "url": "http://hl7.org/fhir/audit-event-action",
  "identifier": [
    {
      "system": "urn:ietf:rfc:3986",
      "value": "urn:oid:2.16.840.1.113883.4.642.4.453"
    },
    {
      "use": "old",
      "system": "urn:ietf:rfc:3986",
      "value": "urn:oid:2.16.840.1.113883.4.642.1.446"
    },
    {
      "use": "old",
      "system": "urn:ietf:rfc:3986",
      "value": "urn:oid:2.16.840.1.113883.4.642.2.263"
    }
  ],
  "version": "6.0.0-ballot3",
  "name": "AuditEventAction",
  "title": "Audit Event Action",
  "status": "active",
  "experimental": false,
  "date": "2021-01-05T10:01:24+11:00",
  "publisher": "HL7 International / Security",
  "contact": [
    {
      "telecom": [
        {
          "system": "url",
          "value": "http://www.hl7.org/Special/committees/secure"
        },
        {
          "system": "email",
          "value": "fhir@lists.hl7.org"
        }
      ]
    }
  ],
  "description": "Indicator for type of action performed during the event that generated the event.",
  "jurisdiction": [
    {
      "coding": [
        {
          "system": "http://unstats.un.org/unsd/methods/m49/m49.htm",
          "code": "001",
          "display": "World"
        }
      ]
    }
  ],
  "caseSensitive": true,
  "valueSet": "http://hl7.org/fhir/ValueSet/audit-event-action",
  "content": "complete",
  "concept": [
    {
      "code": "C",
      "display": "Create",
      "definition": "Create a new database object, such as placing an order."
    },
    {
      "code": "R",
      "display": "Read",
      "definition": "Read data, such as to print or display to a doctor."
    },
    {
      "code": "U",
      "display": "Update",
      "definition": "Update data, such as revise patient information."
    },
    {
      "code": "D",
      "display": "Delete",
      "definition": "Delete items, such as a doctor master file record."
    },
    {
      "code": "E",
      "display": "Execute",
      "definition": "Perform a system or application function such as log-on, program execution or use of an object\u0027s method, or perform a query/search operation."
    }
  ]
}