{
  "resourceType": "CodeSystem",
  "id": "conditional-delete-status",
  "meta": {
    "lastUpdated": "2025-08-25T21:44:10.587+00:00",
    "profile": [
      "http://hl7.org/fhir/StructureDefinition/shareablecodesystem"
    ]
  },
  "text": {
    "status": "generated",
    "div": "\u003cdiv xmlns\u003d\"http://www.w3.org/1999/xhtml\"\u003e\u003cp class\u003d\"res-header-id\"\u003e\u003cb\u003eGenerated Narrative: CodeSystem conditional-delete-status\u003c/b\u003e\u003c/p\u003e\u003ca name\u003d\"conditional-delete-status\"\u003e \u003c/a\u003e\u003ca name\u003d\"hcconditional-delete-status\"\u003e \u003c/a\u003e\u003cdiv style\u003d\"display: inline-block; background-color: #d9e0e7; padding: 6px; margin: 4px; border: 1px solid #8da1b4; border-radius: 5px; line-height: 60%\"\u003e\u003cp style\u003d\"margin-bottom: 0px\"/\u003e\u003cp style\u003d\"margin-bottom: 0px\"\u003eProfile: \u003ca href\u003d\"shareablecodesystem.html\"\u003eShareable CodeSystem\u003c/a\u003e\u003c/p\u003e\u003c/div\u003e\u003cp\u003eThis case-sensitive code system \u003ccode\u003ehttp://hl7.org/fhir/conditional-delete-status\u003c/code\u003e defines the following codes:\u003c/p\u003e\u003ctable class\u003d\"codes\"\u003e\u003ctr\u003e\u003ctd style\u003d\"white-space:nowrap\"\u003e\u003cb\u003eCode\u003c/b\u003e\u003c/td\u003e\u003ctd\u003e\u003cb\u003eDisplay\u003c/b\u003e\u003c/td\u003e\u003ctd\u003e\u003cb\u003eDefinition\u003c/b\u003e\u003c/td\u003e\u003c/tr\u003e\u003ctr\u003e\u003ctd style\u003d\"white-space:nowrap\"\u003enot-supported\u003ca name\u003d\"conditional-delete-status-not-supported\"\u003e \u003c/a\u003e\u003c/td\u003e\u003ctd\u003eNot Supported\u003c/td\u003e\u003ctd\u003eNo support for conditional deletes.\u003c/td\u003e\u003c/tr\u003e\u003ctr\u003e\u003ctd style\u003d\"white-space:nowrap\"\u003esingle\u003ca name\u003d\"conditional-delete-status-single\"\u003e \u003c/a\u003e\u003c/td\u003e\u003ctd\u003eSingle Deletes Supported\u003c/td\u003e\u003ctd\u003eConditional deletes are supported, but only single resources at a time.\u003c/td\u003e\u003c/tr\u003e\u003ctr\u003e\u003ctd style\u003d\"white-space:nowrap\"\u003emultiple\u003ca name\u003d\"conditional-delete-status-multiple\"\u003e \u003c/a\u003e\u003c/td\u003e\u003ctd\u003eMultiple Deletes Supported\u003c/td\u003e\u003ctd\u003eConditional deletes are supported, and multiple resources can be deleted in a single interaction.\u003c/td\u003e\u003c/tr\u003e\u003c/table\u003e\u003c/div\u003e"
  },
  "extension": [
    {
      "url": "http://hl7.org/fhir/StructureDefinition/structuredefinition-wg",
      "valueCode": "fhir"
    },
    {
      "url": "http://hl7.org/fhir/StructureDefinition/structuredefinition-standards-status",
      "valueCode": "normative"
    },
    {
      "url": "http://hl7.org/fhir/StructureDefinition/structuredefinition-normative-version",
      "valueCode": "4.0.0"
    },
    {
      "url": "http://hl7.org/fhir/StructureDefinition/structuredefinition-fmm",
      "valueInteger": 5
    }
  ],
  "url": "http://hl7.org/fhir/conditional-delete-status",
  "identifier": [
    {
      "system": "urn:ietf:rfc:3986",
      "value": "urn:oid:2.16.840.1.113883.4.642.4.195"
    },
    {
      "use": "old",
      "system": "urn:ietf:rfc:3986",
      "value": "urn:oid:2.16.840.1.113883.4.642.1.185"
    },
    {
      "use": "old",
      "system": "urn:ietf:rfc:3986",
      "value": "urn:oid:2.16.840.1.113883.4.642.2.91"
    }
  ],
  "version": "6.0.0-ballot3",
  "name": "ConditionalDeleteStatus",
  "title": "Conditional Delete Status",
  "status": "active",
  "experimental": false,
  "date": "2021-01-05T10:01:24+11:00",
  "publisher": "HL7 (FHIR Project)",
  "contact": [
    {
      "telecom": [
        {
          "system": "url",
          "value": "http://hl7.org/fhir"
        },
        {
          "system": "email",
          "value": "fhir@lists.hl7.org"
        }
      ]
    }
  ],
  "description": "A code that indicates how the server supports conditional delete.",
  "jurisdiction": [
    {
      "coding": [
        {
          "system": "http://unstats.un.org/unsd/methods/m49/m49.htm",
          "code": "001",
          "display": "World"
        }
      ]
    }
  ],
  "caseSensitive": true,
  "valueSet": "http://hl7.org/fhir/ValueSet/conditional-delete-status",
  "content": "complete",
  "concept": [
    {
      "code": "not-supported",
      "display": "Not Supported",
      "definition": "No support for conditional deletes."
    },
    {
      "code": "single",
      "display": "Single Deletes Supported",
      "definition": "Conditional deletes are supported, but only single resources at a time."
    },
    {
      "code": "multiple",
      "display": "Multiple Deletes Supported",
      "definition": "Conditional deletes are supported, and multiple resources can be deleted in a single interaction."
    }
  ]
}