{
  "resourceType": "CodeSystem",
  "id": "relationship",
  "meta": {
    "lastUpdated": "2025-08-25T21:44:10.587+00:00",
    "profile": [
      "http://hl7.org/fhir/StructureDefinition/shareablecodesystem"
    ]
  },
  "text": {
    "status": "generated",
    "div": "\u003cdiv xmlns\u003d\"http://www.w3.org/1999/xhtml\"\u003e\u003cp class\u003d\"res-header-id\"\u003e\u003cb\u003eGenerated Narrative: CodeSystem relationship\u003c/b\u003e\u003c/p\u003e\u003ca name\u003d\"relationship\"\u003e \u003c/a\u003e\u003ca name\u003d\"hcrelationship\"\u003e \u003c/a\u003e\u003cdiv style\u003d\"display: inline-block; background-color: #d9e0e7; padding: 6px; margin: 4px; border: 1px solid #8da1b4; border-radius: 5px; line-height: 60%\"\u003e\u003cp style\u003d\"margin-bottom: 0px\"/\u003e\u003cp style\u003d\"margin-bottom: 0px\"\u003eProfile: \u003ca href\u003d\"shareablecodesystem.html\"\u003eShareable CodeSystem\u003c/a\u003e\u003c/p\u003e\u003c/div\u003e\u003cp\u003eThis case-sensitive code system \u003ccode\u003ehttp://hl7.org/fhir/relationship\u003c/code\u003e defines the following codes:\u003c/p\u003e\u003ctable class\u003d\"codes\"\u003e\u003ctr\u003e\u003ctd style\u003d\"white-space:nowrap\"\u003e\u003cb\u003eCode\u003c/b\u003e\u003c/td\u003e\u003ctd\u003e\u003cb\u003eDisplay\u003c/b\u003e\u003c/td\u003e\u003ctd\u003e\u003cb\u003eDefinition\u003c/b\u003e\u003c/td\u003e\u003c/tr\u003e\u003ctr\u003e\u003ctd style\u003d\"white-space:nowrap\"\u003e1\u003ca name\u003d\"relationship-1\"\u003e \u003c/a\u003e\u003c/td\u003e\u003ctd\u003eSelf\u003c/td\u003e\u003ctd\u003eThe patient is the subscriber (policy holder)\u003c/td\u003e\u003c/tr\u003e\u003ctr\u003e\u003ctd style\u003d\"white-space:nowrap\"\u003e2\u003ca name\u003d\"relationship-2\"\u003e \u003c/a\u003e\u003c/td\u003e\u003ctd\u003eSpouse\u003c/td\u003e\u003ctd\u003eThe patient is the spouse or equivalent of the subscriber (policy holder)\u003c/td\u003e\u003c/tr\u003e\u003ctr\u003e\u003ctd style\u003d\"white-space:nowrap\"\u003e3\u003ca name\u003d\"relationship-3\"\u003e \u003c/a\u003e\u003c/td\u003e\u003ctd\u003eChild\u003c/td\u003e\u003ctd\u003eThe patient is the child of the subscriber (policy holder)\u003c/td\u003e\u003c/tr\u003e\u003ctr\u003e\u003ctd style\u003d\"white-space:nowrap\"\u003e4\u003ca name\u003d\"relationship-4\"\u003e \u003c/a\u003e\u003c/td\u003e\u003ctd\u003eCommon Law Spouse\u003c/td\u003e\u003ctd\u003eThe patient is the common law spouse of the subscriber (policy holder)\u003c/td\u003e\u003c/tr\u003e\u003ctr\u003e\u003ctd style\u003d\"white-space:nowrap\"\u003e5\u003ca name\u003d\"relationship-5\"\u003e \u003c/a\u003e\u003c/td\u003e\u003ctd\u003eOther\u003c/td\u003e\u003ctd\u003eThe patient has some other relationship, such as parent, to the subscriber (policy holder)\u003c/td\u003e\u003c/tr\u003e\u003c/table\u003e\u003c/div\u003e"
  },
  "extension": [
    {
      "url": "http://hl7.org/fhir/StructureDefinition/structuredefinition-wg",
      "valueCode": "fm"
    }
  ],
  "url": "http://hl7.org/fhir/relationship",
  "identifier": [
    {
      "system": "urn:ietf:rfc:3986",
      "value": "urn:oid:2.16.840.1.113883.4.642.4.36"
    },
    {
      "use": "old",
      "system": "urn:ietf:rfc:3986",
      "value": "urn:oid:2.16.840.1.113883.4.642.1.35"
    },
    {
      "use": "old",
      "system": "urn:ietf:rfc:3986",
      "value": "urn:oid:2.16.840.1.113883.4.642.2.23"
    }
  ],
  "version": "6.0.0-ballot3",
  "name": "BeneficiaryRelationshipCodes",
  "title": "Beneficiary Relationship Codes",
  "status": "draft",
  "experimental": true,
  "publisher": "HL7 International / Financial Management",
  "contact": [
    {
      "telecom": [
        {
          "system": "url",
          "value": "http://hl7.org/fhir"
        }
      ]
    },
    {
      "telecom": [
        {
          "system": "url",
          "value": "http://www.hl7.org/Special/committees/fm"
        }
      ]
    }
  ],
  "description": "This value set includes the Patient to subscriber relationship codes.",
  "jurisdiction": [
    {
      "coding": [
        {
          "system": "http://unstats.un.org/unsd/methods/m49/m49.htm",
          "code": "001",
          "display": "World"
        }
      ]
    }
  ],
  "copyright": "This is an example set.",
  "caseSensitive": true,
  "valueSet": "http://hl7.org/fhir/ValueSet/relationship",
  "content": "complete",
  "concept": [
    {
      "code": "1",
      "display": "Self",
      "definition": "The patient is the subscriber (policy holder)"
    },
    {
      "code": "2",
      "display": "Spouse",
      "definition": "The patient is the spouse or equivalent of the subscriber (policy holder)"
    },
    {
      "code": "3",
      "display": "Child",
      "definition": "The patient is the child of the subscriber (policy holder)"
    },
    {
      "code": "4",
      "display": "Common Law Spouse",
      "definition": "The patient is the common law spouse of the subscriber (policy holder)"
    },
    {
      "code": "5",
      "display": "Other",
      "definition": "The patient has some other relationship, such as parent, to the subscriber (policy holder)"
    }
  ]
}