{
  "resourceType": "CodeSystem",
  "id": "deviceassociation-status",
  "meta": {
    "lastUpdated": "2025-08-25T21:44:10.587+00:00",
    "profile": [
      "http://hl7.org/fhir/StructureDefinition/shareablecodesystem"
    ]
  },
  "text": {
    "status": "generated",
    "div": "\u003cdiv xmlns\u003d\"http://www.w3.org/1999/xhtml\"\u003e\u003cp class\u003d\"res-header-id\"\u003e\u003cb\u003eGenerated Narrative: CodeSystem deviceassociation-status\u003c/b\u003e\u003c/p\u003e\u003ca name\u003d\"deviceassociation-status\"\u003e \u003c/a\u003e\u003ca name\u003d\"hcdeviceassociation-status\"\u003e \u003c/a\u003e\u003cdiv style\u003d\"display: inline-block; background-color: #d9e0e7; padding: 6px; margin: 4px; border: 1px solid #8da1b4; border-radius: 5px; line-height: 60%\"\u003e\u003cp style\u003d\"margin-bottom: 0px\"/\u003e\u003cp style\u003d\"margin-bottom: 0px\"\u003eProfile: \u003ca href\u003d\"shareablecodesystem.html\"\u003eShareable CodeSystem\u003c/a\u003e\u003c/p\u003e\u003c/div\u003e\u003cp\u003eThis case-sensitive code system \u003ccode\u003ehttp://hl7.org/fhir/deviceassociation-status\u003c/code\u003e defines the following codes:\u003c/p\u003e\u003ctable class\u003d\"codes\"\u003e\u003ctr\u003e\u003ctd style\u003d\"white-space:nowrap\"\u003e\u003cb\u003eCode\u003c/b\u003e\u003c/td\u003e\u003ctd\u003e\u003cb\u003eDisplay\u003c/b\u003e\u003c/td\u003e\u003ctd\u003e\u003cb\u003eDefinition\u003c/b\u003e\u003c/td\u003e\u003c/tr\u003e\u003ctr\u003e\u003ctd style\u003d\"white-space:nowrap\"\u003eimplanted\u003ca name\u003d\"deviceassociation-status-implanted\"\u003e \u003c/a\u003e\u003c/td\u003e\u003ctd\u003eImplanted\u003c/td\u003e\u003ctd\u003eThe device is implanted in the patient.\u003c/td\u003e\u003c/tr\u003e\u003ctr\u003e\u003ctd style\u003d\"white-space:nowrap\"\u003eexplanted\u003ca name\u003d\"deviceassociation-status-explanted\"\u003e \u003c/a\u003e\u003c/td\u003e\u003ctd\u003eExplanted\u003c/td\u003e\u003ctd\u003eThe device is no longer implanted in the patient. Note that this is not the value to be used for devices that have never been implanted. In those cases, no value or a specific value can be used.\u003c/td\u003e\u003c/tr\u003e\u003ctr\u003e\u003ctd style\u003d\"white-space:nowrap\"\u003eentered-in-error\u003ca name\u003d\"deviceassociation-status-entered-in-error\"\u003e \u003c/a\u003e\u003c/td\u003e\u003ctd\u003eEntered in Error\u003c/td\u003e\u003ctd\u003eThe association was entered in error and therefore nullified.\u003c/td\u003e\u003c/tr\u003e\u003ctr\u003e\u003ctd style\u003d\"white-space:nowrap\"\u003eattached\u003ca name\u003d\"deviceassociation-status-attached\"\u003e \u003c/a\u003e\u003c/td\u003e\u003ctd\u003eAttached\u003c/td\u003e\u003ctd\u003eThe device is attached to the patient but not implanted in the patient.\u003c/td\u003e\u003c/tr\u003e\u003ctr\u003e\u003ctd style\u003d\"white-space:nowrap\"\u003eunknown\u003ca name\u003d\"deviceassociation-status-unknown\"\u003e \u003c/a\u003e\u003c/td\u003e\u003ctd\u003eUnknown\u003c/td\u003e\u003ctd\u003eThe association status of the device has not been determined.\u003c/td\u003e\u003c/tr\u003e\u003c/table\u003e\u003c/div\u003e"
  },
  "extension": [
    {
      "url": "http://hl7.org/fhir/StructureDefinition/structuredefinition-wg",
      "valueCode": "oo"
    }
  ],
  "url": "http://hl7.org/fhir/deviceassociation-status",
  "version": "6.0.0-ballot3",
  "name": "DeviceAssociation",
  "title": "DeviceAssociation Status Codes",
  "status": "active",
  "experimental": false,
  "publisher": "HL7 International",
  "description": "DeviceAssociation Status Codes",
  "jurisdiction": [
    {
      "coding": [
        {
          "system": "http://unstats.un.org/unsd/methods/m49/m49.htm",
          "code": "001",
          "display": "World"
        }
      ]
    }
  ],
  "caseSensitive": true,
  "valueSet": "http://hl7.org/fhir/ValueSet/deviceassociation-status",
  "content": "complete",
  "concept": [
    {
      "code": "implanted",
      "display": "Implanted",
      "definition": "The device is implanted in the patient."
    },
    {
      "code": "explanted",
      "display": "Explanted",
      "definition": "The device is no longer implanted in the patient. Note that this is not the value to be used for devices that have never been implanted. In those cases, no value or a specific value can be used."
    },
    {
      "code": "entered-in-error",
      "display": "Entered in Error",
      "definition": "The association was entered in error and therefore nullified."
    },
    {
      "code": "attached",
      "display": "Attached",
      "definition": "The device is attached to the patient but not implanted in the patient."
    },
    {
      "code": "unknown",
      "display": "Unknown",
      "definition": "The association status of the device has not been determined."
    }
  ]
}