{
  "resourceType": "CodeSystem",
  "id": "narrative-status",
  "meta": {
    "lastUpdated": "2025-08-25T21:44:10.587+00:00"
  },
  "text": {
    "status": "generated",
    "div": "\u003cdiv xmlns\u003d\"http://www.w3.org/1999/xhtml\"\u003e\u003cp class\u003d\"res-header-id\"\u003e\u003cb\u003eGenerated Narrative: CodeSystem narrative-status\u003c/b\u003e\u003c/p\u003e\u003ca name\u003d\"narrative-status\"\u003e \u003c/a\u003e\u003ca name\u003d\"hcnarrative-status\"\u003e \u003c/a\u003e\u003cp\u003eThis case-sensitive code system \u003ccode\u003ehttp://hl7.org/fhir/narrative-status\u003c/code\u003e defines the following codes:\u003c/p\u003e\u003ctable class\u003d\"codes\"\u003e\u003ctr\u003e\u003ctd style\u003d\"white-space:nowrap\"\u003e\u003cb\u003eCode\u003c/b\u003e\u003c/td\u003e\u003ctd\u003e\u003cb\u003eDisplay\u003c/b\u003e\u003c/td\u003e\u003ctd\u003e\u003cb\u003eDefinition\u003c/b\u003e\u003c/td\u003e\u003c/tr\u003e\u003ctr\u003e\u003ctd style\u003d\"white-space:nowrap\"\u003egenerated\u003ca name\u003d\"narrative-status-generated\"\u003e \u003c/a\u003e\u003c/td\u003e\u003ctd\u003eGenerated\u003c/td\u003e\u003ctd\u003eThe contents of the narrative are entirely generated from the core elements in the content.\u003c/td\u003e\u003c/tr\u003e\u003ctr\u003e\u003ctd style\u003d\"white-space:nowrap\"\u003eextensions\u003ca name\u003d\"narrative-status-extensions\"\u003e \u003c/a\u003e\u003c/td\u003e\u003ctd\u003eExtensions\u003c/td\u003e\u003ctd\u003eThe contents of the narrative are entirely generated from the core elements in the content and some of the content is generated from extensions. The narrative SHALL reflect the impact of all modifier extensions.\u003c/td\u003e\u003c/tr\u003e\u003ctr\u003e\u003ctd style\u003d\"white-space:nowrap\"\u003eadditional\u003ca name\u003d\"narrative-status-additional\"\u003e \u003c/a\u003e\u003c/td\u003e\u003ctd\u003eAdditional\u003c/td\u003e\u003ctd\u003eThe contents of the narrative may contain additional information not found in the structured data. Note that there is no computable way to determine what the extra information is, other than by human inspection.\u003c/td\u003e\u003c/tr\u003e\u003ctr\u003e\u003ctd style\u003d\"white-space:nowrap\"\u003eempty\u003ca name\u003d\"narrative-status-empty\"\u003e \u003c/a\u003e\u003c/td\u003e\u003ctd\u003eEmpty\u003c/td\u003e\u003ctd\u003eThe contents of the narrative are some equivalent of \u0026quot;No human-readable text provided in this case\u0026quot;.\u003c/td\u003e\u003c/tr\u003e\u003c/table\u003e\u003c/div\u003e"
  },
  "extension": [
    {
      "url": "http://hl7.org/fhir/StructureDefinition/structuredefinition-wg",
      "valueCode": "fhir"
    }
  ],
  "url": "http://hl7.org/fhir/narrative-status",
  "identifier": [
    {
      "system": "urn:ietf:rfc:3986",
      "value": "urn:oid:2.16.840.1.113883.4.642.4.56"
    }
  ],
  "version": "6.0.0-ballot3",
  "name": "NarrativeStatus",
  "title": "NarrativeStatus",
  "status": "draft",
  "experimental": false,
  "date": "2025-08-25T21:44:10+00:00",
  "publisher": "HL7 International / FHIR Infrastructure",
  "contact": [
    {
      "telecom": [
        {
          "system": "url",
          "value": "http://hl7.org/fhir"
        },
        {
          "system": "email",
          "value": "fhir@lists.hl7.org"
        }
      ]
    },
    {
      "telecom": [
        {
          "system": "url",
          "value": "http://www.hl7.org/Special/committees/fiwg"
        }
      ]
    }
  ],
  "description": "The status of a resource narrative.",
  "jurisdiction": [
    {
      "coding": [
        {
          "system": "http://unstats.un.org/unsd/methods/m49/m49.htm",
          "code": "001",
          "display": "World"
        }
      ]
    }
  ],
  "caseSensitive": true,
  "valueSet": "http://hl7.org/fhir/ValueSet/narrative-status",
  "content": "complete",
  "concept": [
    {
      "code": "generated",
      "display": "Generated",
      "definition": "The contents of the narrative are entirely generated from the core elements in the content."
    },
    {
      "code": "extensions",
      "display": "Extensions",
      "definition": "The contents of the narrative are entirely generated from the core elements in the content and some of the content is generated from extensions. The narrative SHALL reflect the impact of all modifier extensions."
    },
    {
      "code": "additional",
      "display": "Additional",
      "definition": "The contents of the narrative may contain additional information not found in the structured data. Note that there is no computable way to determine what the extra information is, other than by human inspection."
    },
    {
      "code": "empty",
      "display": "Empty",
      "definition": "The contents of the narrative are some equivalent of \"No human-readable text provided in this case\"."
    }
  ]
}