{
  "resourceType": "CodeSystem",
  "id": "medication-admin-status",
  "meta": {
    "lastUpdated": "2025-08-25T21:44:10.587+00:00",
    "profile": [
      "http://hl7.org/fhir/StructureDefinition/shareablecodesystem"
    ]
  },
  "text": {
    "status": "generated",
    "div": "\u003cdiv xmlns\u003d\"http://www.w3.org/1999/xhtml\"\u003e\u003cp class\u003d\"res-header-id\"\u003e\u003cb\u003eGenerated Narrative: CodeSystem medication-admin-status\u003c/b\u003e\u003c/p\u003e\u003ca name\u003d\"medication-admin-status\"\u003e \u003c/a\u003e\u003ca name\u003d\"hcmedication-admin-status\"\u003e \u003c/a\u003e\u003cdiv style\u003d\"display: inline-block; background-color: #d9e0e7; padding: 6px; margin: 4px; border: 1px solid #8da1b4; border-radius: 5px; line-height: 60%\"\u003e\u003cp style\u003d\"margin-bottom: 0px\"/\u003e\u003cp style\u003d\"margin-bottom: 0px\"\u003eProfile: \u003ca href\u003d\"shareablecodesystem.html\"\u003eShareable CodeSystem\u003c/a\u003e\u003c/p\u003e\u003c/div\u003e\u003cp\u003eThis case-sensitive code system \u003ccode\u003ehttp://hl7.org/fhir/CodeSystem/medication-admin-status\u003c/code\u003e defines the following codes:\u003c/p\u003e\u003ctable class\u003d\"codes\"\u003e\u003ctr\u003e\u003ctd style\u003d\"white-space:nowrap\"\u003e\u003cb\u003eCode\u003c/b\u003e\u003c/td\u003e\u003ctd\u003e\u003cb\u003eDisplay\u003c/b\u003e\u003c/td\u003e\u003ctd\u003e\u003cb\u003eDefinition\u003c/b\u003e\u003c/td\u003e\u003c/tr\u003e\u003ctr\u003e\u003ctd style\u003d\"white-space:nowrap\"\u003ein-progress\u003ca name\u003d\"medication-admin-status-in-progress\"\u003e \u003c/a\u003e\u003c/td\u003e\u003ctd\u003eIn Progress\u003c/td\u003e\u003ctd\u003eThe administration has started but has not yet completed.\u003c/td\u003e\u003c/tr\u003e\u003ctr\u003e\u003ctd style\u003d\"white-space:nowrap\"\u003enot-done\u003ca name\u003d\"medication-admin-status-not-done\"\u003e \u003c/a\u003e\u003c/td\u003e\u003ctd\u003eNot Done\u003c/td\u003e\u003ctd\u003eThe administration was terminated prior to any impact on the subject (though preparatory actions may have been taken)\u003c/td\u003e\u003c/tr\u003e\u003ctr\u003e\u003ctd style\u003d\"white-space:nowrap\"\u003eon-hold\u003ca name\u003d\"medication-admin-status-on-hold\"\u003e \u003c/a\u003e\u003c/td\u003e\u003ctd\u003eOn Hold\u003c/td\u003e\u003ctd\u003eActions implied by the administration have been temporarily halted, but are expected to continue later. May also be called \u0027suspended\u0027.\u003c/td\u003e\u003c/tr\u003e\u003ctr\u003e\u003ctd style\u003d\"white-space:nowrap\"\u003ecompleted\u003ca name\u003d\"medication-admin-status-completed\"\u003e \u003c/a\u003e\u003c/td\u003e\u003ctd\u003eCompleted\u003c/td\u003e\u003ctd\u003eAll actions that are implied by the administration have occurred.\u003c/td\u003e\u003c/tr\u003e\u003ctr\u003e\u003ctd style\u003d\"white-space:nowrap\"\u003eentered-in-error\u003ca name\u003d\"medication-admin-status-entered-in-error\"\u003e \u003c/a\u003e\u003c/td\u003e\u003ctd\u003eEntered in Error\u003c/td\u003e\u003ctd\u003eThe administration was entered in error and therefore nullified.\u003c/td\u003e\u003c/tr\u003e\u003ctr\u003e\u003ctd style\u003d\"white-space:nowrap\"\u003estopped\u003ca name\u003d\"medication-admin-status-stopped\"\u003e \u003c/a\u003e\u003c/td\u003e\u003ctd\u003eStopped\u003c/td\u003e\u003ctd\u003eActions implied by the administration have been permanently halted, before all of them occurred.\u003c/td\u003e\u003c/tr\u003e\u003ctr\u003e\u003ctd style\u003d\"white-space:nowrap\"\u003eunknown\u003ca name\u003d\"medication-admin-status-unknown\"\u003e \u003c/a\u003e\u003c/td\u003e\u003ctd\u003eUnknown\u003c/td\u003e\u003ctd\u003eThe authoring system does not know which of the status values currently applies for this request. Note: This concept is not to be used for \u0027other\u0027 - one of the listed statuses is presumed to apply, it\u0027s just not known which one.\u003c/td\u003e\u003c/tr\u003e\u003c/table\u003e\u003c/div\u003e"
  },
  "extension": [
    {
      "url": "http://hl7.org/fhir/StructureDefinition/structuredefinition-wg",
      "valueCode": "phx"
    }
  ],
  "url": "http://hl7.org/fhir/CodeSystem/medication-admin-status",
  "identifier": [
    {
      "system": "urn:ietf:rfc:3986",
      "value": "urn:oid:2.16.840.1.113883.4.642.4.2000"
    }
  ],
  "version": "6.0.0-ballot3",
  "name": "MedicationAdministrationStatusCodes",
  "title": "MedicationAdministration Status Codes",
  "status": "active",
  "experimental": false,
  "publisher": "HL7 International",
  "description": "MedicationAdministration Status Codes",
  "jurisdiction": [
    {
      "coding": [
        {
          "system": "http://unstats.un.org/unsd/methods/m49/m49.htm",
          "code": "001",
          "display": "World"
        }
      ]
    }
  ],
  "caseSensitive": true,
  "valueSet": "http://hl7.org/fhir/ValueSet/medication-admin-status",
  "content": "complete",
  "concept": [
    {
      "code": "in-progress",
      "display": "In Progress",
      "definition": "The administration has started but has not yet completed."
    },
    {
      "code": "not-done",
      "display": "Not Done",
      "definition": "The administration was terminated prior to any impact on the subject (though preparatory actions may have been taken)"
    },
    {
      "code": "on-hold",
      "display": "On Hold",
      "definition": "Actions implied by the administration have been temporarily halted, but are expected to continue later. May also be called \u0027suspended\u0027."
    },
    {
      "code": "completed",
      "display": "Completed",
      "definition": "All actions that are implied by the administration have occurred."
    },
    {
      "code": "entered-in-error",
      "display": "Entered in Error",
      "definition": "The administration was entered in error and therefore nullified."
    },
    {
      "code": "stopped",
      "display": "Stopped",
      "definition": "Actions implied by the administration have been permanently halted, before all of them occurred."
    },
    {
      "code": "unknown",
      "display": "Unknown",
      "definition": "The authoring system does not know which of the status values currently applies for this request. Note: This concept is not to be used for \u0027other\u0027 - one of the listed statuses is presumed to apply, it\u0027s just not known which one."
    }
  ]
}