{
  "resourceType": "CodeSystem",
  "id": "measure-stratifier-example",
  "meta": {
    "lastUpdated": "2025-08-25T21:44:10.587+00:00",
    "profile": [
      "http://hl7.org/fhir/StructureDefinition/shareablecodesystem"
    ]
  },
  "text": {
    "status": "generated",
    "div": "\u003cdiv xmlns\u003d\"http://www.w3.org/1999/xhtml\"\u003e\u003cp class\u003d\"res-header-id\"\u003e\u003cb\u003eGenerated Narrative: CodeSystem measure-stratifier-example\u003c/b\u003e\u003c/p\u003e\u003ca name\u003d\"measure-stratifier-example\"\u003e \u003c/a\u003e\u003ca name\u003d\"hcmeasure-stratifier-example\"\u003e \u003c/a\u003e\u003cdiv style\u003d\"display: inline-block; background-color: #d9e0e7; padding: 6px; margin: 4px; border: 1px solid #8da1b4; border-radius: 5px; line-height: 60%\"\u003e\u003cp style\u003d\"margin-bottom: 0px\"/\u003e\u003cp style\u003d\"margin-bottom: 0px\"\u003eProfile: \u003ca href\u003d\"shareablecodesystem.html\"\u003eShareable CodeSystem\u003c/a\u003e\u003c/p\u003e\u003c/div\u003e\u003cp\u003eThis case-sensitive code system \u003ccode\u003ehttp://hl7.org/fhir/measure-stratifier-example\u003c/code\u003e defines the following codes:\u003c/p\u003e\u003ctable class\u003d\"codes\"\u003e\u003ctr\u003e\u003ctd style\u003d\"white-space:nowrap\"\u003e\u003cb\u003eCode\u003c/b\u003e\u003c/td\u003e\u003ctd\u003e\u003cb\u003eDisplay\u003c/b\u003e\u003c/td\u003e\u003ctd\u003e\u003cb\u003eDefinition\u003c/b\u003e\u003c/td\u003e\u003c/tr\u003e\u003ctr\u003e\u003ctd style\u003d\"white-space:nowrap\"\u003eage\u003ca name\u003d\"measure-stratifier-example-age\"\u003e \u003c/a\u003e\u003c/td\u003e\u003ctd\u003eAge\u003c/td\u003e\u003ctd\u003eAge Stratification.\u003c/td\u003e\u003c/tr\u003e\u003ctr\u003e\u003ctd style\u003d\"white-space:nowrap\"\u003egender\u003ca name\u003d\"measure-stratifier-example-gender\"\u003e \u003c/a\u003e\u003c/td\u003e\u003ctd\u003eGender\u003c/td\u003e\u003ctd\u003eGender Stratification.\u003c/td\u003e\u003c/tr\u003e\u003ctr\u003e\u003ctd style\u003d\"white-space:nowrap\"\u003eregion\u003ca name\u003d\"measure-stratifier-example-region\"\u003e \u003c/a\u003e\u003c/td\u003e\u003ctd\u003eRegion\u003c/td\u003e\u003ctd\u003eRegion Stratification.\u003c/td\u003e\u003c/tr\u003e\u003c/table\u003e\u003c/div\u003e"
  },
  "extension": [
    {
      "url": "http://hl7.org/fhir/StructureDefinition/structuredefinition-wg",
      "valueCode": "cqi"
    }
  ],
  "url": "http://hl7.org/fhir/measure-stratifier-example",
  "identifier": [
    {
      "system": "urn:ietf:rfc:3986",
      "value": "urn:oid:2.16.840.1.113883.4.642.4.2047"
    }
  ],
  "version": "6.0.0-ballot3",
  "name": "MeasureStratifierExample",
  "title": "Measure Stratifier Example",
  "status": "active",
  "experimental": true,
  "publisher": "Clinical Quality Information Workgroup",
  "description": "This example code system defines codes for common types of measure stratification.",
  "jurisdiction": [
    {
      "coding": [
        {
          "system": "http://unstats.un.org/unsd/methods/m49/m49.htm",
          "code": "001",
          "display": "World"
        }
      ]
    }
  ],
  "caseSensitive": true,
  "valueSet": "http://hl7.org/fhir/ValueSet/measure-stratifier-example",
  "content": "complete",
  "concept": [
    {
      "code": "age",
      "display": "Age",
      "definition": "Age Stratification."
    },
    {
      "code": "gender",
      "display": "Gender",
      "definition": "Gender Stratification."
    },
    {
      "code": "region",
      "display": "Region",
      "definition": "Region Stratification."
    }
  ]
}