{
  "resourceType": "CodeSystem",
  "id": "actordefinition-actor-type",
  "meta": {
    "lastUpdated": "2025-08-25T21:44:10.587+00:00",
    "profile": [
      "http://hl7.org/fhir/StructureDefinition/shareablecodesystem"
    ]
  },
  "text": {
    "status": "generated",
    "div": "\u003cdiv xmlns\u003d\"http://www.w3.org/1999/xhtml\"\u003e\u003cp class\u003d\"res-header-id\"\u003e\u003cb\u003eGenerated Narrative: CodeSystem actordefinition-actor-type\u003c/b\u003e\u003c/p\u003e\u003ca name\u003d\"actordefinition-actor-type\"\u003e \u003c/a\u003e\u003ca name\u003d\"hcactordefinition-actor-type\"\u003e \u003c/a\u003e\u003cdiv style\u003d\"display: inline-block; background-color: #d9e0e7; padding: 6px; margin: 4px; border: 1px solid #8da1b4; border-radius: 5px; line-height: 60%\"\u003e\u003cp style\u003d\"margin-bottom: 0px\"/\u003e\u003cp style\u003d\"margin-bottom: 0px\"\u003eProfile: \u003ca href\u003d\"shareablecodesystem.html\"\u003eShareable CodeSystem\u003c/a\u003e\u003c/p\u003e\u003c/div\u003e\u003cp\u003eThis case-sensitive code system \u003ccode\u003ehttp://hl7.org/fhir/actordefinition-actor-type\u003c/code\u003e defines the following codes in a Is-A hierarchy:\u003c/p\u003e\u003ctable class\u003d\"codes\"\u003e\u003ctr\u003e\u003ctd\u003e\u003cb\u003eLvl\u003c/b\u003e\u003c/td\u003e\u003ctd style\u003d\"white-space:nowrap\"\u003e\u003cb\u003eCode\u003c/b\u003e\u003c/td\u003e\u003ctd\u003e\u003cb\u003eDisplay\u003c/b\u003e\u003c/td\u003e\u003ctd\u003e\u003cb\u003eDefinition\u003c/b\u003e\u003c/td\u003e\u003c/tr\u003e\u003ctr\u003e\u003ctd\u003e1\u003c/td\u003e\u003ctd style\u003d\"white-space:nowrap\"\u003esystem\u003ca name\u003d\"actordefinition-actor-type-system\"\u003e \u003c/a\u003e\u003c/td\u003e\u003ctd\u003eSystem\u003c/td\u003e\u003ctd\u003eA software application or collection of such applications functioning as or represented as a single entity.  (This would be instantiated in FHIR as a Device.)\u003c/td\u003e\u003c/tr\u003e\u003ctr\u003e\u003ctd\u003e1\u003c/td\u003e\u003ctd style\u003d\"white-space:nowrap\"\u003enon-system\u003ca name\u003d\"actordefinition-actor-type-non-system\"\u003e \u003c/a\u003e\u003c/td\u003e\u003ctd\u003eNon System\u003c/td\u003e\u003ctd\u003eA person, animal, (non-software) device, organization or other entity\u003c/td\u003e\u003c/tr\u003e\u003ctr\u003e\u003ctd\u003e2\u003c/td\u003e\u003ctd style\u003d\"white-space:nowrap\"\u003e  individual\u003ca name\u003d\"actordefinition-actor-type-individual\"\u003e \u003c/a\u003e\u003c/td\u003e\u003ctd\u003eIndividual\u003c/td\u003e\u003ctd\u003eA person or animal\u003c/td\u003e\u003c/tr\u003e\u003ctr\u003e\u003ctd\u003e3\u003c/td\u003e\u003ctd style\u003d\"white-space:nowrap\"\u003e    patient\u003ca name\u003d\"actordefinition-actor-type-patient\"\u003e \u003c/a\u003e\u003c/td\u003e\u003ctd\u003ePatient\u003c/td\u003e\u003ctd/\u003e\u003c/tr\u003e\u003ctr\u003e\u003ctd\u003e3\u003c/td\u003e\u003ctd style\u003d\"white-space:nowrap\"\u003e    practitioner\u003ca name\u003d\"actordefinition-actor-type-practitioner\"\u003e \u003c/a\u003e\u003c/td\u003e\u003ctd\u003ePractitioner\u003c/td\u003e\u003ctd/\u003e\u003c/tr\u003e\u003ctr\u003e\u003ctd\u003e3\u003c/td\u003e\u003ctd style\u003d\"white-space:nowrap\"\u003e    related-person\u003ca name\u003d\"actordefinition-actor-type-related-person\"\u003e \u003c/a\u003e\u003c/td\u003e\u003ctd\u003eRelated Person\u003c/td\u003e\u003ctd/\u003e\u003c/tr\u003e\u003ctr\u003e\u003ctd\u003e2\u003c/td\u003e\u003ctd style\u003d\"white-space:nowrap\"\u003e  device\u003ca name\u003d\"actordefinition-actor-type-device\"\u003e \u003c/a\u003e\u003c/td\u003e\u003ctd\u003eDevice\u003c/td\u003e\u003ctd\u003eA physical device acting in non-software capacity\u003c/td\u003e\u003c/tr\u003e\u003ctr\u003e\u003ctd\u003e2\u003c/td\u003e\u003ctd style\u003d\"white-space:nowrap\"\u003e  collective\u003ca name\u003d\"actordefinition-actor-type-collective\"\u003e \u003c/a\u003e\u003c/td\u003e\u003ctd\u003eCollective\u003c/td\u003e\u003ctd\u003eA group of people or animals\u003c/td\u003e\u003c/tr\u003e\u003ctr\u003e\u003ctd\u003e3\u003c/td\u003e\u003ctd style\u003d\"white-space:nowrap\"\u003e    care-team\u003ca name\u003d\"actordefinition-actor-type-care-team\"\u003e \u003c/a\u003e\u003c/td\u003e\u003ctd\u003eCare Team\u003c/td\u003e\u003ctd/\u003e\u003c/tr\u003e\u003ctr\u003e\u003ctd\u003e3\u003c/td\u003e\u003ctd style\u003d\"white-space:nowrap\"\u003e    group\u003ca name\u003d\"actordefinition-actor-type-group\"\u003e \u003c/a\u003e\u003c/td\u003e\u003ctd\u003eGroup\u003c/td\u003e\u003ctd/\u003e\u003c/tr\u003e\u003ctr\u003e\u003ctd\u003e3\u003c/td\u003e\u003ctd style\u003d\"white-space:nowrap\"\u003e    healthcare-service\u003ca name\u003d\"actordefinition-actor-type-healthcare-service\"\u003e \u003c/a\u003e\u003c/td\u003e\u003ctd\u003eHealthcare Service\u003c/td\u003e\u003ctd/\u003e\u003c/tr\u003e\u003ctr\u003e\u003ctd\u003e3\u003c/td\u003e\u003ctd style\u003d\"white-space:nowrap\"\u003e    organization\u003ca name\u003d\"actordefinition-actor-type-organization\"\u003e \u003c/a\u003e\u003c/td\u003e\u003ctd\u003eOrganization\u003c/td\u003e\u003ctd/\u003e\u003c/tr\u003e\u003c/table\u003e\u003c/div\u003e"
  },
  "extension": [
    {
      "url": "http://hl7.org/fhir/StructureDefinition/structuredefinition-wg",
      "valueCode": "fhir"
    },
    {
      "url": "http://hl7.org/fhir/StructureDefinition/structuredefinition-standards-status",
      "valueCode": "trial-use"
    },
    {
      "url": "http://hl7.org/fhir/StructureDefinition/structuredefinition-fmm",
      "valueInteger": 0
    }
  ],
  "url": "http://hl7.org/fhir/actordefinition-actor-type",
  "version": "6.0.0-ballot3",
  "name": "ActorDefinitionActorType",
  "title": "Actor Definition Actor Type",
  "status": "active",
  "experimental": false,
  "date": "2021-01-05T10:01:24+11:00",
  "publisher": "HL7 (FHIR Project)",
  "contact": [
    {
      "telecom": [
        {
          "system": "url",
          "value": "http://hl7.org/fhir"
        },
        {
          "system": "email",
          "value": "fhir@lists.hl7.org"
        }
      ]
    }
  ],
  "description": "The type of actor - system or human.",
  "jurisdiction": [
    {
      "coding": [
        {
          "system": "http://unstats.un.org/unsd/methods/m49/m49.htm",
          "code": "001",
          "display": "World"
        }
      ]
    }
  ],
  "caseSensitive": true,
  "valueSet": "http://hl7.org/fhir/ValueSet/actordefinition-actor-type",
  "hierarchyMeaning": "is-a",
  "content": "complete",
  "concept": [
    {
      "code": "system",
      "display": "System",
      "definition": "A software application or collection of such applications functioning as or represented as a single entity.  (This would be instantiated in FHIR as a Device.)"
    },
    {
      "code": "non-system",
      "display": "Non System",
      "definition": "A person, animal, (non-software) device, organization or other entity",
      "concept": [
        {
          "code": "individual",
          "display": "Individual",
          "definition": "A person or animal",
          "concept": [
            {
              "code": "patient",
              "display": "Patient"
            },
            {
              "code": "practitioner",
              "display": "Practitioner"
            },
            {
              "code": "related-person",
              "display": "Related Person"
            }
          ]
        },
        {
          "code": "device",
          "display": "Device",
          "definition": "A physical device acting in non-software capacity"
        },
        {
          "code": "collective",
          "display": "Collective",
          "definition": "A group of people or animals",
          "concept": [
            {
              "code": "care-team",
              "display": "Care Team"
            },
            {
              "code": "group",
              "display": "Group"
            },
            {
              "code": "healthcare-service",
              "display": "Healthcare Service"
            },
            {
              "code": "organization",
              "display": "Organization"
            }
          ]
        }
      ]
    }
  ]
}