{
  "resourceType": "CodeSystem",
  "id": "days-of-week",
  "meta": {
    "lastUpdated": "2025-08-25T21:44:10.587+00:00",
    "profile": [
      "http://hl7.org/fhir/StructureDefinition/shareablecodesystem"
    ]
  },
  "text": {
    "status": "generated",
    "div": "\u003cdiv xmlns\u003d\"http://www.w3.org/1999/xhtml\"\u003e\u003cp class\u003d\"res-header-id\"\u003e\u003cb\u003eGenerated Narrative: CodeSystem days-of-week\u003c/b\u003e\u003c/p\u003e\u003ca name\u003d\"days-of-week\"\u003e \u003c/a\u003e\u003ca name\u003d\"hcdays-of-week\"\u003e \u003c/a\u003e\u003cdiv style\u003d\"display: inline-block; background-color: #d9e0e7; padding: 6px; margin: 4px; border: 1px solid #8da1b4; border-radius: 5px; line-height: 60%\"\u003e\u003cp style\u003d\"margin-bottom: 0px\"/\u003e\u003cp style\u003d\"margin-bottom: 0px\"\u003eProfile: \u003ca href\u003d\"shareablecodesystem.html\"\u003eShareable CodeSystem\u003c/a\u003e\u003c/p\u003e\u003c/div\u003e\u003cp\u003eThis case-sensitive code system \u003ccode\u003ehttp://hl7.org/fhir/days-of-week\u003c/code\u003e defines the following codes:\u003c/p\u003e\u003ctable class\u003d\"codes\"\u003e\u003ctr\u003e\u003ctd style\u003d\"white-space:nowrap\"\u003e\u003cb\u003eCode\u003c/b\u003e\u003c/td\u003e\u003ctd\u003e\u003cb\u003eDisplay\u003c/b\u003e\u003c/td\u003e\u003ctd\u003e\u003cb\u003eDefinition\u003c/b\u003e\u003c/td\u003e\u003c/tr\u003e\u003ctr\u003e\u003ctd style\u003d\"white-space:nowrap\"\u003emon\u003ca name\u003d\"days-of-week-mon\"\u003e \u003c/a\u003e\u003c/td\u003e\u003ctd\u003eMonday\u003c/td\u003e\u003ctd\u003eMonday.\u003c/td\u003e\u003c/tr\u003e\u003ctr\u003e\u003ctd style\u003d\"white-space:nowrap\"\u003etue\u003ca name\u003d\"days-of-week-tue\"\u003e \u003c/a\u003e\u003c/td\u003e\u003ctd\u003eTuesday\u003c/td\u003e\u003ctd\u003eTuesday.\u003c/td\u003e\u003c/tr\u003e\u003ctr\u003e\u003ctd style\u003d\"white-space:nowrap\"\u003ewed\u003ca name\u003d\"days-of-week-wed\"\u003e \u003c/a\u003e\u003c/td\u003e\u003ctd\u003eWednesday\u003c/td\u003e\u003ctd\u003eWednesday.\u003c/td\u003e\u003c/tr\u003e\u003ctr\u003e\u003ctd style\u003d\"white-space:nowrap\"\u003ethu\u003ca name\u003d\"days-of-week-thu\"\u003e \u003c/a\u003e\u003c/td\u003e\u003ctd\u003eThursday\u003c/td\u003e\u003ctd\u003eThursday.\u003c/td\u003e\u003c/tr\u003e\u003ctr\u003e\u003ctd style\u003d\"white-space:nowrap\"\u003efri\u003ca name\u003d\"days-of-week-fri\"\u003e \u003c/a\u003e\u003c/td\u003e\u003ctd\u003eFriday\u003c/td\u003e\u003ctd\u003eFriday.\u003c/td\u003e\u003c/tr\u003e\u003ctr\u003e\u003ctd style\u003d\"white-space:nowrap\"\u003esat\u003ca name\u003d\"days-of-week-sat\"\u003e \u003c/a\u003e\u003c/td\u003e\u003ctd\u003eSaturday\u003c/td\u003e\u003ctd\u003eSaturday.\u003c/td\u003e\u003c/tr\u003e\u003ctr\u003e\u003ctd style\u003d\"white-space:nowrap\"\u003esun\u003ca name\u003d\"days-of-week-sun\"\u003e \u003c/a\u003e\u003c/td\u003e\u003ctd\u003eSunday\u003c/td\u003e\u003ctd\u003eSunday.\u003c/td\u003e\u003c/tr\u003e\u003c/table\u003e\u003c/div\u003e"
  },
  "extension": [
    {
      "url": "http://hl7.org/fhir/StructureDefinition/structuredefinition-wg",
      "valueCode": "pa"
    },
    {
      "url": "http://hl7.org/fhir/StructureDefinition/structuredefinition-standards-status",
      "valueCode": "normative"
    },
    {
      "url": "http://hl7.org/fhir/StructureDefinition/structuredefinition-normative-version",
      "valueCode": "4.0.0"
    },
    {
      "url": "http://hl7.org/fhir/StructureDefinition/structuredefinition-fmm",
      "valueInteger": 5
    }
  ],
  "url": "http://hl7.org/fhir/days-of-week",
  "identifier": [
    {
      "system": "urn:ietf:rfc:3986",
      "value": "urn:oid:2.16.840.1.113883.4.642.4.513"
    },
    {
      "use": "old",
      "system": "urn:ietf:rfc:3986",
      "value": "urn:oid:2.16.840.1.113883.4.642.1.507"
    },
    {
      "use": "old",
      "system": "urn:ietf:rfc:3986",
      "value": "urn:oid:2.16.840.1.113883.4.642.2.302"
    }
  ],
  "version": "6.0.0-ballot3",
  "name": "DaysOfWeek",
  "title": "Days Of Week",
  "status": "active",
  "experimental": false,
  "date": "2021-01-05T10:01:24+11:00",
  "publisher": "HL7 International / Patient Administration",
  "contact": [
    {
      "telecom": [
        {
          "system": "url",
          "value": "http://www.hl7.org/Special/committees/fiwg"
        }
      ]
    },
    {
      "telecom": [
        {
          "system": "url",
          "value": "http://www.hl7.org/Special/committees/pafm"
        }
      ]
    }
  ],
  "description": "The days of the week.",
  "jurisdiction": [
    {
      "coding": [
        {
          "system": "http://unstats.un.org/unsd/methods/m49/m49.htm",
          "code": "001",
          "display": "World"
        }
      ]
    }
  ],
  "caseSensitive": true,
  "valueSet": "http://hl7.org/fhir/ValueSet/days-of-week",
  "content": "complete",
  "concept": [
    {
      "code": "mon",
      "display": "Monday",
      "definition": "Monday."
    },
    {
      "code": "tue",
      "display": "Tuesday",
      "definition": "Tuesday."
    },
    {
      "code": "wed",
      "display": "Wednesday",
      "definition": "Wednesday."
    },
    {
      "code": "thu",
      "display": "Thursday",
      "definition": "Thursday."
    },
    {
      "code": "fri",
      "display": "Friday",
      "definition": "Friday."
    },
    {
      "code": "sat",
      "display": "Saturday",
      "definition": "Saturday."
    },
    {
      "code": "sun",
      "display": "Sunday",
      "definition": "Sunday."
    }
  ]
}