{
  "resourceType": "CodeSystem",
  "id": "evidence-variable-classifier",
  "meta": {
    "lastUpdated": "2025-08-25T21:44:10.587+00:00",
    "profile": [
      "http://hl7.org/fhir/StructureDefinition/shareablecodesystem"
    ]
  },
  "text": {
    "status": "generated",
    "div": "\u003cdiv xmlns\u003d\"http://www.w3.org/1999/xhtml\"\u003e\u003cp class\u003d\"res-header-id\"\u003e\u003cb\u003eGenerated Narrative: CodeSystem evidence-variable-classifier\u003c/b\u003e\u003c/p\u003e\u003ca name\u003d\"evidence-variable-classifier\"\u003e \u003c/a\u003e\u003ca name\u003d\"hcevidence-variable-classifier\"\u003e \u003c/a\u003e\u003cdiv style\u003d\"display: inline-block; background-color: #d9e0e7; padding: 6px; margin: 4px; border: 1px solid #8da1b4; border-radius: 5px; line-height: 60%\"\u003e\u003cp style\u003d\"margin-bottom: 0px\"/\u003e\u003cp style\u003d\"margin-bottom: 0px\"\u003eProfile: \u003ca href\u003d\"shareablecodesystem.html\"\u003eShareable CodeSystem\u003c/a\u003e\u003c/p\u003e\u003c/div\u003e\u003cp\u003eThis case-sensitive code system \u003ccode\u003ehttp://hl7.org/fhir/evidence-variable-classifier\u003c/code\u003e defines the following codes:\u003c/p\u003e\u003ctable class\u003d\"codes\"\u003e\u003ctr\u003e\u003ctd style\u003d\"white-space:nowrap\"\u003e\u003cb\u003eCode\u003c/b\u003e\u003c/td\u003e\u003ctd\u003e\u003cb\u003eDisplay\u003c/b\u003e\u003c/td\u003e\u003ctd\u003e\u003cb\u003eDefinition\u003c/b\u003e\u003c/td\u003e\u003c/tr\u003e\u003ctr\u003e\u003ctd style\u003d\"white-space:nowrap\"\u003econdition\u003ca name\u003d\"evidence-variable-classifier-condition\"\u003e \u003c/a\u003e\u003c/td\u003e\u003ctd\u003eCondition\u003c/td\u003e\u003ctd\u003eDisease, diagnosis, or condition.\u003c/td\u003e\u003c/tr\u003e\u003ctr\u003e\u003ctd style\u003d\"white-space:nowrap\"\u003emeasurement\u003ca name\u003d\"evidence-variable-classifier-measurement\"\u003e \u003c/a\u003e\u003c/td\u003e\u003ctd\u003eMeasurement\u003c/td\u003e\u003ctd\u003eLaboratory test value or other measurement.\u003c/td\u003e\u003c/tr\u003e\u003ctr\u003e\u003ctd style\u003d\"white-space:nowrap\"\u003equestionnaire-response\u003ca name\u003d\"evidence-variable-classifier-questionnaire-response\"\u003e \u003c/a\u003e\u003c/td\u003e\u003ctd\u003eQuestionnaire Response\u003c/td\u003e\u003ctd\u003eA response to a survey or questionnaire item.\u003c/td\u003e\u003c/tr\u003e\u003c/table\u003e\u003c/div\u003e"
  },
  "extension": [
    {
      "url": "http://hl7.org/fhir/StructureDefinition/structuredefinition-wg",
      "valueCode": "cds"
    },
    {
      "url": "http://hl7.org/fhir/StructureDefinition/structuredefinition-standards-status",
      "valueCode": "trial-use"
    },
    {
      "url": "http://hl7.org/fhir/StructureDefinition/structuredefinition-fmm",
      "valueInteger": 1
    }
  ],
  "url": "http://hl7.org/fhir/evidence-variable-classifier",
  "version": "6.0.0-ballot3",
  "name": "EvidenceVariableClassifier",
  "title": "Evidence Variable Classifier",
  "status": "active",
  "experimental": false,
  "date": "2024-11-14T10:01:24+11:00",
  "publisher": "HL7 (FHIR Project)",
  "contact": [
    {
      "telecom": [
        {
          "system": "url",
          "value": "http://hl7.org/fhir"
        },
        {
          "system": "email",
          "value": "fhir@lists.hl7.org"
        }
      ]
    }
  ],
  "description": "Classification of the variable.",
  "jurisdiction": [
    {
      "coding": [
        {
          "system": "http://unstats.un.org/unsd/methods/m49/m49.htm",
          "code": "001",
          "display": "World"
        }
      ]
    }
  ],
  "caseSensitive": true,
  "valueSet": "http://hl7.org/fhir/ValueSet/evidence-variable-classifier",
  "content": "complete",
  "concept": [
    {
      "code": "condition",
      "display": "Condition",
      "definition": "Disease, diagnosis, or condition."
    },
    {
      "code": "measurement",
      "display": "Measurement",
      "definition": "Laboratory test value or other measurement."
    },
    {
      "code": "questionnaire-response",
      "display": "Questionnaire Response",
      "definition": "A response to a survey or questionnaire item."
    }
  ]
}