{
  "resourceType": "CodeSystem",
  "id": "request-priority",
  "meta": {
    "lastUpdated": "2025-08-25T21:44:10.587+00:00"
  },
  "text": {
    "status": "generated",
    "div": "\u003cdiv xmlns\u003d\"http://www.w3.org/1999/xhtml\"\u003e\u003cp class\u003d\"res-header-id\"\u003e\u003cb\u003eGenerated Narrative: CodeSystem request-priority\u003c/b\u003e\u003c/p\u003e\u003ca name\u003d\"request-priority\"\u003e \u003c/a\u003e\u003ca name\u003d\"hcrequest-priority\"\u003e \u003c/a\u003e\u003cp\u003eThis case-sensitive code system \u003ccode\u003ehttp://hl7.org/fhir/request-priority\u003c/code\u003e defines the following codes:\u003c/p\u003e\u003ctable class\u003d\"codes\"\u003e\u003ctr\u003e\u003ctd style\u003d\"white-space:nowrap\"\u003e\u003cb\u003eCode\u003c/b\u003e\u003c/td\u003e\u003ctd\u003e\u003cb\u003eDisplay\u003c/b\u003e\u003c/td\u003e\u003ctd\u003e\u003cb\u003eDefinition\u003c/b\u003e\u003c/td\u003e\u003c/tr\u003e\u003ctr\u003e\u003ctd style\u003d\"white-space:nowrap\"\u003eroutine\u003ca name\u003d\"request-priority-routine\"\u003e \u003c/a\u003e\u003c/td\u003e\u003ctd\u003eRoutine\u003c/td\u003e\u003ctd\u003eThe request has normal priority.\u003c/td\u003e\u003c/tr\u003e\u003ctr\u003e\u003ctd style\u003d\"white-space:nowrap\"\u003eurgent\u003ca name\u003d\"request-priority-urgent\"\u003e \u003c/a\u003e\u003c/td\u003e\u003ctd\u003eUrgent\u003c/td\u003e\u003ctd\u003eThe request should be actioned promptly - higher priority than routine.\u003c/td\u003e\u003c/tr\u003e\u003ctr\u003e\u003ctd style\u003d\"white-space:nowrap\"\u003easap\u003ca name\u003d\"request-priority-asap\"\u003e \u003c/a\u003e\u003c/td\u003e\u003ctd\u003eASAP\u003c/td\u003e\u003ctd\u003eThe request should be actioned as soon as possible - higher priority than urgent.\u003c/td\u003e\u003c/tr\u003e\u003ctr\u003e\u003ctd style\u003d\"white-space:nowrap\"\u003estat\u003ca name\u003d\"request-priority-stat\"\u003e \u003c/a\u003e\u003c/td\u003e\u003ctd\u003eSTAT\u003c/td\u003e\u003ctd\u003eThe request should be actioned immediately - highest possible priority.  E.g. an emergency.\u003c/td\u003e\u003c/tr\u003e\u003c/table\u003e\u003c/div\u003e"
  },
  "extension": [
    {
      "url": "http://hl7.org/fhir/StructureDefinition/structuredefinition-wg",
      "valueCode": "cds"
    },
    {
      "url": "http://hl7.org/fhir/StructureDefinition/structuredefinition-standards-status",
      "valueCode": "trial-use"
    },
    {
      "url": "http://hl7.org/fhir/StructureDefinition/structuredefinition-fmm",
      "valueInteger": 4
    }
  ],
  "url": "http://hl7.org/fhir/request-priority",
  "identifier": [
    {
      "system": "urn:ietf:rfc:3986",
      "value": "urn:oid:2.16.840.1.113883.4.642.4.116"
    }
  ],
  "version": "6.0.0-ballot3",
  "name": "RequestPriority",
  "title": "RequestPriority",
  "status": "draft",
  "experimental": false,
  "date": "2025-08-25T21:44:10+00:00",
  "publisher": "HL7 International / Clinical Decision Support",
  "contact": [
    {
      "telecom": [
        {
          "system": "url",
          "value": "http://hl7.org/fhir"
        },
        {
          "system": "email",
          "value": "fhir@lists.hl7.org"
        }
      ]
    },
    {
      "telecom": [
        {
          "system": "url",
          "value": "http://www.hl7.org/Special/committees/fiwg"
        }
      ]
    },
    {
      "telecom": [
        {
          "system": "url",
          "value": "http://www.hl7.org/Special/committees/dss"
        }
      ]
    }
  ],
  "description": "Identifies the level of importance to be assigned to actioning the request.",
  "jurisdiction": [
    {
      "coding": [
        {
          "system": "http://unstats.un.org/unsd/methods/m49/m49.htm",
          "code": "001",
          "display": "World"
        }
      ]
    }
  ],
  "caseSensitive": true,
  "valueSet": "http://hl7.org/fhir/ValueSet/request-priority",
  "content": "complete",
  "concept": [
    {
      "code": "routine",
      "display": "Routine",
      "definition": "The request has normal priority."
    },
    {
      "code": "urgent",
      "display": "Urgent",
      "definition": "The request should be actioned promptly - higher priority than routine."
    },
    {
      "code": "asap",
      "display": "ASAP",
      "definition": "The request should be actioned as soon as possible - higher priority than urgent."
    },
    {
      "code": "stat",
      "display": "STAT",
      "definition": "The request should be actioned immediately - highest possible priority.  E.g. an emergency."
    }
  ]
}