{
  "resourceType": "CodeSystem",
  "id": "icd-10-procedures",
  "meta": {
    "lastUpdated": "2025-08-25T21:44:10.587+00:00",
    "profile": [
      "http://hl7.org/fhir/StructureDefinition/shareablecodesystem"
    ]
  },
  "text": {
    "status": "generated",
    "div": "\u003cdiv xmlns\u003d\"http://www.w3.org/1999/xhtml\"\u003e\u003cp class\u003d\"res-header-id\"\u003e\u003cb\u003eGenerated Narrative: CodeSystem icd-10-procedures\u003c/b\u003e\u003c/p\u003e\u003ca name\u003d\"icd-10-procedures\"\u003e \u003c/a\u003e\u003ca name\u003d\"hcicd-10-procedures\"\u003e \u003c/a\u003e\u003cdiv style\u003d\"display: inline-block; background-color: #d9e0e7; padding: 6px; margin: 4px; border: 1px solid #8da1b4; border-radius: 5px; line-height: 60%\"\u003e\u003cp style\u003d\"margin-bottom: 0px\"/\u003e\u003cp style\u003d\"margin-bottom: 0px\"\u003eProfile: \u003ca href\u003d\"shareablecodesystem.html\"\u003eShareable CodeSystem\u003c/a\u003e\u003c/p\u003e\u003c/div\u003e\u003cp\u003eThis case-sensitive code system \u003ccode\u003ehttp://hl7.org/fhir/sid/ex-icd-10-procedures\u003c/code\u003e defines the following codes:\u003c/p\u003e\u003ctable class\u003d\"codes\"\u003e\u003ctr\u003e\u003ctd style\u003d\"white-space:nowrap\"\u003e\u003cb\u003eCode\u003c/b\u003e\u003c/td\u003e\u003ctd\u003e\u003cb\u003eDisplay\u003c/b\u003e\u003c/td\u003e\u003ctd\u003e\u003cb\u003eDefinition\u003c/b\u003e\u003c/td\u003e\u003c/tr\u003e\u003ctr\u003e\u003ctd style\u003d\"white-space:nowrap\"\u003e123001\u003ca name\u003d\"icd-10-procedures-123001\"\u003e \u003c/a\u003e\u003c/td\u003e\u003ctd\u003ePROC-1\u003c/td\u003e\u003ctd\u003eProcedure 1\u003c/td\u003e\u003c/tr\u003e\u003ctr\u003e\u003ctd style\u003d\"white-space:nowrap\"\u003e123002\u003ca name\u003d\"icd-10-procedures-123002\"\u003e \u003c/a\u003e\u003c/td\u003e\u003ctd\u003ePROC-2\u003c/td\u003e\u003ctd\u003eProcedure 2\u003c/td\u003e\u003c/tr\u003e\u003ctr\u003e\u003ctd style\u003d\"white-space:nowrap\"\u003e123003\u003ca name\u003d\"icd-10-procedures-123003\"\u003e \u003c/a\u003e\u003c/td\u003e\u003ctd\u003ePROC-3\u003c/td\u003e\u003ctd\u003eProcedure 3\u003c/td\u003e\u003c/tr\u003e\u003c/table\u003e\u003c/div\u003e"
  },
  "extension": [
    {
      "url": "http://hl7.org/fhir/StructureDefinition/structuredefinition-wg",
      "valueCode": "fm"
    }
  ],
  "url": "http://hl7.org/fhir/sid/ex-icd-10-procedures",
  "identifier": [
    {
      "system": "urn:ietf:rfc:3986",
      "value": "urn:oid:2.16.840.1.113883.4.642.4.575"
    },
    {
      "use": "old",
      "system": "urn:ietf:rfc:3986",
      "value": "urn:oid:2.16.840.1.113883.4.642.1.567"
    }
  ],
  "version": "6.0.0-ballot3",
  "name": "ICD10ProcedureCodes",
  "title": "ICD-10 Procedure Codes",
  "status": "active",
  "experimental": false,
  "publisher": "HL7 International",
  "description": "This value set includes sample ICD-10 Procedure codes.",
  "jurisdiction": [
    {
      "coding": [
        {
          "system": "http://unstats.un.org/unsd/methods/m49/m49.htm",
          "code": "001",
          "display": "World"
        }
      ]
    }
  ],
  "copyright": "This is an example set.",
  "caseSensitive": true,
  "content": "complete",
  "concept": [
    {
      "code": "123001",
      "display": "PROC-1",
      "definition": "Procedure 1"
    },
    {
      "code": "123002",
      "display": "PROC-2",
      "definition": "Procedure 2"
    },
    {
      "code": "123003",
      "display": "PROC-3",
      "definition": "Procedure 3"
    }
  ]
}