{
  "resourceType": "CodeSystem",
  "id": "research-study-classifiers",
  "meta": {
    "lastUpdated": "2025-08-26T08:44:10.587+11:00",
    "profile": [
      "http://hl7.org/fhir/StructureDefinition/shareablecodesystem"
    ]
  },
  "text": {
    "status": "generated",
    "div": "\u003cdiv xmlns\u003d\"http://www.w3.org/1999/xhtml\"\u003e\u003cp class\u003d\"res-header-id\"\u003e\u003cb\u003eGenerated Narrative: CodeSystem research-study-classifiers\u003c/b\u003e\u003c/p\u003e\u003ca name\u003d\"research-study-classifiers\"\u003e \u003c/a\u003e\u003ca name\u003d\"hcresearch-study-classifiers\"\u003e \u003c/a\u003e\u003cdiv style\u003d\"display: inline-block; background-color: #d9e0e7; padding: 6px; margin: 4px; border: 1px solid #8da1b4; border-radius: 5px; line-height: 60%\"\u003e\u003cp style\u003d\"margin-bottom: 0px\"\u003eLast updated: 2022-05-15T16:55:11.085+11:00\u003c/p\u003e\u003cp style\u003d\"margin-bottom: 0px\"\u003eProfile: \u003ca href\u003d\"shareablecodesystem.html\"\u003eShareable CodeSystem\u003c/a\u003e\u003c/p\u003e\u003c/div\u003e\u003cp\u003eThis case-sensitive code system \u003ccode\u003ehttp://hl7.org/fhir/research-study-classifiers\u003c/code\u003e defines the following codes in a Is-A hierarchy:\u003c/p\u003e\u003ctable class\u003d\"codes\"\u003e\u003ctr\u003e\u003ctd style\u003d\"white-space:nowrap\"\u003e\u003cb\u003eCode\u003c/b\u003e\u003c/td\u003e\u003ctd\u003e\u003cb\u003eDisplay\u003c/b\u003e\u003c/td\u003e\u003ctd\u003e\u003cb\u003eDefinition\u003c/b\u003e\u003c/td\u003e\u003c/tr\u003e\u003ctr\u003e\u003ctd style\u003d\"white-space:nowrap\"\u003efda-regulated-drug\u003ca name\u003d\"research-study-classifiers-fda-regulated-drug\"\u003e \u003c/a\u003e\u003c/td\u003e\u003ctd\u003eFDA regulated drug\u003c/td\u003e\u003ctd\u003eA medication regulated by the U.S. Food and Drug Administration.\u003c/td\u003e\u003c/tr\u003e\u003ctr\u003e\u003ctd style\u003d\"white-space:nowrap\"\u003efda-regulated-device\u003ca name\u003d\"research-study-classifiers-fda-regulated-device\"\u003e \u003c/a\u003e\u003c/td\u003e\u003ctd\u003eFDA regulated device\u003c/td\u003e\u003ctd\u003eA medical device regulated by the U.S. Food and Drug Administration.\u003c/td\u003e\u003c/tr\u003e\u003ctr\u003e\u003ctd style\u003d\"white-space:nowrap\"\u003empg-paragraph-23b\u003ca name\u003d\"research-study-classifiers-mpg-paragraph-23b\"\u003e \u003c/a\u003e\u003c/td\u003e\u003ctd\u003eMPG Paragraph 23b\u003c/td\u003e\u003ctd\u003eResearch regulated by a specific German legal requirement (Medizinproduktegesetz MPG Paragraph 23b).\u003c/td\u003e\u003c/tr\u003e\u003ctr\u003e\u003ctd style\u003d\"white-space:nowrap\"\u003eirb-exempt\u003ca name\u003d\"research-study-classifiers-irb-exempt\"\u003e \u003c/a\u003e\u003c/td\u003e\u003ctd\u003eIRB-exempt\u003c/td\u003e\u003ctd\u003eHuman subjects research that is excempt from oversight and monitoring by an institutional review board (IRB).\u003c/td\u003e\u003c/tr\u003e\u003c/table\u003e\u003c/div\u003e"
  },
  "extension": [
    {
      "url": "http://hl7.org/fhir/StructureDefinition/structuredefinition-wg",
      "valueCode": "brr"
    },
    {
      "url": "http://hl7.org/fhir/StructureDefinition/structuredefinition-standards-status",
      "valueCode": "trial-use"
    },
    {
      "url": "http://hl7.org/fhir/StructureDefinition/structuredefinition-fmm",
      "valueInteger": 0
    }
  ],
  "url": "http://hl7.org/fhir/research-study-classifiers",
  "identifier": [
    {
      "system": "urn:ietf:rfc:3986",
      "value": "urn:oid:2.16.840.1.113883.4.642.4.1967"
    }
  ],
  "version": "6.0.0-ballot3",
  "name": "ResearchStudyClassifiers",
  "title": "ResearchStudy Classifiers Code System",
  "status": "active",
  "experimental": false,
  "date": "2022-05-15T16:55:11.085+11:00",
  "publisher": "HL7 (FHIR Project)",
  "contact": [
    {
      "telecom": [
        {
          "system": "url",
          "value": "http://hl7.org/fhir"
        },
        {
          "system": "email",
          "value": "fhir@lists.hl7.org"
        }
      ]
    }
  ],
  "description": "Codes for use in ResearchStudy Resource. This resource (this entire set of content) is being used for active development of a ResearchStudyClassifiers CodeSystem for use for supporting multiple value sets in the FHIR ResearchStudy StructureDefinition.",
  "jurisdiction": [
    {
      "coding": [
        {
          "system": "http://unstats.un.org/unsd/methods/m49/m49.htm",
          "code": "001",
          "display": "World"
        }
      ]
    }
  ],
  "caseSensitive": true,
  "valueSet": "http://hl7.org/fhir/ValueSet/research-study-classifiers",
  "hierarchyMeaning": "is-a",
  "content": "complete",
  "concept": [
    {
      "code": "fda-regulated-drug",
      "display": "FDA regulated drug",
      "definition": "A medication regulated by the U.S. Food and Drug Administration."
    },
    {
      "code": "fda-regulated-device",
      "display": "FDA regulated device",
      "definition": "A medical device regulated by the U.S. Food and Drug Administration."
    },
    {
      "code": "mpg-paragraph-23b",
      "display": "MPG Paragraph 23b",
      "definition": "Research regulated by a specific German legal requirement (Medizinproduktegesetz MPG Paragraph 23b)."
    },
    {
      "code": "irb-exempt",
      "display": "IRB-exempt",
      "definition": "Human subjects research that is excempt from oversight and monitoring by an institutional review board (IRB)."
    }
  ]
}