{
  "resourceType": "CodeSystem",
  "id": "citation-artifact-classifier",
  "meta": {
    "lastUpdated": "2025-08-25T21:44:10.587+00:00",
    "profile": [
      "http://hl7.org/fhir/StructureDefinition/shareablecodesystem"
    ]
  },
  "text": {
    "status": "generated",
    "div": "\u003cdiv xmlns\u003d\"http://www.w3.org/1999/xhtml\"\u003e\u003cp class\u003d\"res-header-id\"\u003e\u003cb\u003eGenerated Narrative: CodeSystem citation-artifact-classifier\u003c/b\u003e\u003c/p\u003e\u003ca name\u003d\"citation-artifact-classifier\"\u003e \u003c/a\u003e\u003ca name\u003d\"hccitation-artifact-classifier\"\u003e \u003c/a\u003e\u003cdiv style\u003d\"display: inline-block; background-color: #d9e0e7; padding: 6px; margin: 4px; border: 1px solid #8da1b4; border-radius: 5px; line-height: 60%\"\u003e\u003cp style\u003d\"margin-bottom: 0px\"/\u003e\u003cp style\u003d\"margin-bottom: 0px\"\u003eProfile: \u003ca href\u003d\"shareablecodesystem.html\"\u003eShareable CodeSystem\u003c/a\u003e\u003c/p\u003e\u003c/div\u003e\u003cp\u003eThis case-sensitive code system \u003ccode\u003ehttp://hl7.org/fhir/citation-artifact-classifier\u003c/code\u003e defines the following codes:\u003c/p\u003e\u003ctable class\u003d\"codes\"\u003e\u003ctr\u003e\u003ctd style\u003d\"white-space:nowrap\"\u003e\u003cb\u003eCode\u003c/b\u003e\u003c/td\u003e\u003ctd\u003e\u003cb\u003eDisplay\u003c/b\u003e\u003c/td\u003e\u003ctd\u003e\u003cb\u003eDefinition\u003c/b\u003e\u003c/td\u003e\u003c/tr\u003e\u003ctr\u003e\u003ctd style\u003d\"white-space:nowrap\"\u003eaudio\u003ca name\u003d\"citation-artifact-classifier-audio\"\u003e \u003c/a\u003e\u003c/td\u003e\u003ctd\u003eAudio file\u003c/td\u003e\u003ctd\u003eThe article cited is an audio file.\u003c/td\u003e\u003c/tr\u003e\u003ctr\u003e\u003ctd style\u003d\"white-space:nowrap\"\u003eD001877\u003ca name\u003d\"citation-artifact-classifier-D001877\"\u003e \u003c/a\u003e\u003c/td\u003e\u003ctd\u003eBook\u003c/td\u003e\u003ctd\u003eNon-periodical written or printed works consisting of sheets of pages fastened or bound together within covers.\u003c/td\u003e\u003c/tr\u003e\u003ctr\u003e\u003ctd style\u003d\"white-space:nowrap\"\u003ecds-artifact\u003ca name\u003d\"citation-artifact-classifier-cds-artifact\"\u003e \u003c/a\u003e\u003c/td\u003e\u003ctd\u003eClinical Decision Support Artifact\u003c/td\u003e\u003ctd\u003eThe artifact is used for decision support for healthcare decisions.\u003c/td\u003e\u003c/tr\u003e\u003ctr\u003e\u003ctd style\u003d\"white-space:nowrap\"\u003eD016420\u003ca name\u003d\"citation-artifact-classifier-D016420\"\u003e \u003c/a\u003e\u003c/td\u003e\u003ctd\u003eComment\u003c/td\u003e\u003ctd\u003eComment\u003c/td\u003e\u003c/tr\u003e\u003ctr\u003e\u003ctd style\u003d\"white-space:nowrap\"\u003ecommon-share\u003ca name\u003d\"citation-artifact-classifier-common-share\"\u003e \u003c/a\u003e\u003c/td\u003e\u003ctd\u003eCommon Share\u003c/td\u003e\u003ctd\u003eCitation Resource containing value added data that is openly shared\u003c/td\u003e\u003c/tr\u003e\u003ctr\u003e\u003ctd style\u003d\"white-space:nowrap\"\u003eD019991\u003ca name\u003d\"citation-artifact-classifier-D019991\"\u003e \u003c/a\u003e\u003c/td\u003e\u003ctd\u003eDatabase\u003c/td\u003e\u003ctd\u003eA structured file of information or a set of logically related data stored and retrieved using computer-based means.\u003c/td\u003e\u003c/tr\u003e\u003ctr\u003e\u003ctd style\u003d\"white-space:nowrap\"\u003eD064886\u003ca name\u003d\"citation-artifact-classifier-D064886\"\u003e \u003c/a\u003e\u003c/td\u003e\u003ctd\u003eDataset\u003c/td\u003e\u003ctd\u003eWorks consisting of organized collections of data, which have been stored permanently in a formalized manner suitable for communication, interpretation, or processing.\u003c/td\u003e\u003c/tr\u003e\u003ctr\u003e\u003ctd style\u003d\"white-space:nowrap\"\u003edataset-unpublished\u003ca name\u003d\"citation-artifact-classifier-dataset-unpublished\"\u003e \u003c/a\u003e\u003c/td\u003e\u003ctd\u003eDataset Unpublished\u003c/td\u003e\u003ctd\u003eAn organized collection of data that is not stored permanently for communication.\u003c/td\u003e\u003c/tr\u003e\u003ctr\u003e\u003ctd style\u003d\"white-space:nowrap\"\u003eElectronic\u003ca name\u003d\"citation-artifact-classifier-Electronic\"\u003e \u003c/a\u003e\u003c/td\u003e\u003ctd\u003eElectronic\u003c/td\u003e\u003ctd\u003ethe journal is published in electronic format only\u003c/td\u003e\u003c/tr\u003e\u003ctr\u003e\u003ctd style\u003d\"white-space:nowrap\"\u003eElectronic-eCollection\u003ca name\u003d\"citation-artifact-classifier-Electronic-eCollection\"\u003e \u003c/a\u003e\u003c/td\u003e\u003ctd\u003eElectronic-eCollection\u003c/td\u003e\u003ctd\u003eused for electronic-only journals that publish individual articles first and then later collect them into an \u0026quot;issue\u0026quot; date that is typically called an eCollection.\u003c/td\u003e\u003c/tr\u003e\u003ctr\u003e\u003ctd style\u003d\"white-space:nowrap\"\u003eElectronic-Print\u003ca name\u003d\"citation-artifact-classifier-Electronic-Print\"\u003e \u003c/a\u003e\u003c/td\u003e\u003ctd\u003eElectronic-Print\u003c/td\u003e\u003ctd\u003ethe journal is published first in electronic format followed by print (this value is currently used for just one journal, Nucleic Acids Research)\u003c/td\u003e\u003c/tr\u003e\u003ctr\u003e\u003ctd style\u003d\"white-space:nowrap\"\u003eexecutable-app\u003ca name\u003d\"citation-artifact-classifier-executable-app\"\u003e \u003c/a\u003e\u003c/td\u003e\u003ctd\u003eExecutable app\u003c/td\u003e\u003ctd\u003eExecutable app\u003c/td\u003e\u003c/tr\u003e\u003ctr\u003e\u003ctd style\u003d\"white-space:nowrap\"\u003efhir-resource\u003ca name\u003d\"citation-artifact-classifier-fhir-resource\"\u003e \u003c/a\u003e\u003c/td\u003e\u003ctd\u003eFHIR Resource\u003c/td\u003e\u003ctd\u003eThe article cited is a FHIR resource.\u003c/td\u003e\u003c/tr\u003e\u003ctr\u003e\u003ctd style\u003d\"white-space:nowrap\"\u003eimage\u003ca name\u003d\"citation-artifact-classifier-image\"\u003e \u003c/a\u003e\u003c/td\u003e\u003ctd\u003eImage file\u003c/td\u003e\u003ctd\u003eThe article cited is an image file.\u003c/td\u003e\u003c/tr\u003e\u003ctr\u003e\u003ctd style\u003d\"white-space:nowrap\"\u003einteractive-form\u003ca name\u003d\"citation-artifact-classifier-interactive-form\"\u003e \u003c/a\u003e\u003c/td\u003e\u003ctd\u003eInteractive Form\u003c/td\u003e\u003ctd\u003eA user interface that supports data entry and data display.\u003c/td\u003e\u003c/tr\u003e\u003ctr\u003e\u003ctd style\u003d\"white-space:nowrap\"\u003eD016428\u003ca name\u003d\"citation-artifact-classifier-D016428\"\u003e \u003c/a\u003e\u003c/td\u003e\u003ctd\u003eJournal Article\u003c/td\u003e\u003ctd\u003eJournal Article\u003c/td\u003e\u003c/tr\u003e\u003ctr\u003e\u003ctd style\u003d\"white-space:nowrap\"\u003eD016422\u003ca name\u003d\"citation-artifact-classifier-D016422\"\u003e \u003c/a\u003e\u003c/td\u003e\u003ctd\u003eLetter\u003c/td\u003e\u003ctd\u003eLetter\u003c/td\u003e\u003c/tr\u003e\u003ctr\u003e\u003ctd style\u003d\"white-space:nowrap\"\u003emachine-code\u003ca name\u003d\"citation-artifact-classifier-machine-code\"\u003e \u003c/a\u003e\u003c/td\u003e\u003ctd\u003eMachine code\u003c/td\u003e\u003ctd\u003eThe article cited is machine code.\u003c/td\u003e\u003c/tr\u003e\u003ctr\u003e\u003ctd style\u003d\"white-space:nowrap\"\u003emedline-base\u003ca name\u003d\"citation-artifact-classifier-medline-base\"\u003e \u003c/a\u003e\u003c/td\u003e\u003ctd\u003eMedline Base\u003c/td\u003e\u003ctd\u003eCitation Resource containing only data from Medline\u003c/td\u003e\u003c/tr\u003e\u003ctr\u003e\u003ctd style\u003d\"white-space:nowrap\"\u003eprediction-model\u003ca name\u003d\"citation-artifact-classifier-prediction-model\"\u003e \u003c/a\u003e\u003c/td\u003e\u003ctd\u003ePrediction Model\u003c/td\u003e\u003ctd\u003eA formula or expression used to calculate an outcome representing a predicted result.\u003c/td\u003e\u003c/tr\u003e\u003ctr\u003e\u003ctd style\u003d\"white-space:nowrap\"\u003eD000076942\u003ca name\u003d\"citation-artifact-classifier-D000076942\"\u003e \u003c/a\u003e\u003c/td\u003e\u003ctd\u003ePreprint\u003c/td\u003e\u003ctd\u003eScientific manuscript made available prior to PEER REVIEW.\u003c/td\u003e\u003c/tr\u003e\u003ctr\u003e\u003ctd style\u003d\"white-space:nowrap\"\u003ePrint\u003ca name\u003d\"citation-artifact-classifier-Print\"\u003e \u003c/a\u003e\u003c/td\u003e\u003ctd\u003ePrint\u003c/td\u003e\u003ctd\u003ethe journal is published in print format only\u003c/td\u003e\u003c/tr\u003e\u003ctr\u003e\u003ctd style\u003d\"white-space:nowrap\"\u003ePrint-Electronic\u003ca name\u003d\"citation-artifact-classifier-Print-Electronic\"\u003e \u003c/a\u003e\u003c/td\u003e\u003ctd\u003ePrint Electronic\u003c/td\u003e\u003ctd\u003ethe journal is published in both print and electronic format\u003c/td\u003e\u003c/tr\u003e\u003ctr\u003e\u003ctd style\u003d\"white-space:nowrap\"\u003eproject-specific\u003ca name\u003d\"citation-artifact-classifier-project-specific\"\u003e \u003c/a\u003e\u003c/td\u003e\u003ctd\u003eProject Specific\u003c/td\u003e\u003ctd\u003eCitation Resource containing value added data specific to a project\u003c/td\u003e\u003c/tr\u003e\u003ctr\u003e\u003ctd style\u003d\"white-space:nowrap\"\u003eprotocol\u003ca name\u003d\"citation-artifact-classifier-protocol\"\u003e \u003c/a\u003e\u003c/td\u003e\u003ctd\u003eProtocol\u003c/td\u003e\u003ctd\u003eThe article cited is the protocol of an activity and not the results or findings.\u003c/td\u003e\u003c/tr\u003e\u003ctr\u003e\u003ctd style\u003d\"white-space:nowrap\"\u003epseudocode\u003ca name\u003d\"citation-artifact-classifier-pseudocode\"\u003e \u003c/a\u003e\u003c/td\u003e\u003ctd\u003ePseudoCode\u003c/td\u003e\u003ctd\u003eA non-executable, human-readable representation of software code.\u003c/td\u003e\u003c/tr\u003e\u003ctr\u003e\u003ctd style\u003d\"white-space:nowrap\"\u003eD016425\u003ca name\u003d\"citation-artifact-classifier-D016425\"\u003e \u003c/a\u003e\u003c/td\u003e\u003ctd\u003ePublished Erratum\u003c/td\u003e\u003ctd\u003ePublished Erratum\u003c/td\u003e\u003c/tr\u003e\u003ctr\u003e\u003ctd style\u003d\"white-space:nowrap\"\u003estandard-specification\u003ca name\u003d\"citation-artifact-classifier-standard-specification\"\u003e \u003c/a\u003e\u003c/td\u003e\u003ctd\u003eStandard Specification\u003c/td\u003e\u003ctd\u003eAn explicit set of requirements for an item, material, component, system or service, often used to define a technical standard which is an established norm or requirement for a repeatable technical task.\u003c/td\u003e\u003c/tr\u003e\u003ctr\u003e\u003ctd style\u003d\"white-space:nowrap\"\u003eterminology\u003ca name\u003d\"citation-artifact-classifier-terminology\"\u003e \u003c/a\u003e\u003c/td\u003e\u003ctd\u003eTerminology\u003c/td\u003e\u003ctd\u003eA structured set of codes and display values, which may be subtyped as a code system, value set, taxonomy, or ontology.\u003c/td\u003e\u003c/tr\u003e\u003ctr\u003e\u003ctd style\u003d\"white-space:nowrap\"\u003eD059040\u003ca name\u003d\"citation-artifact-classifier-D059040\"\u003e \u003c/a\u003e\u003c/td\u003e\u003ctd\u003eVideo-Audio Media\u003c/td\u003e\u003ctd\u003eUsed with articles which include video files or clips, or for articles which are entirely video.\u003c/td\u003e\u003c/tr\u003e\u003ctr\u003e\u003ctd style\u003d\"white-space:nowrap\"\u003ewebpage\u003ca name\u003d\"citation-artifact-classifier-webpage\"\u003e \u003c/a\u003e\u003c/td\u003e\u003ctd\u003eWebpage\u003c/td\u003e\u003ctd\u003eWebpage\u003c/td\u003e\u003c/tr\u003e\u003c/table\u003e\u003c/div\u003e"
  },
  "extension": [
    {
      "url": "http://hl7.org/fhir/StructureDefinition/structuredefinition-wg",
      "valueCode": "cds"
    },
    {
      "url": "http://hl7.org/fhir/StructureDefinition/structuredefinition-standards-status",
      "valueCode": "trial-use"
    },
    {
      "url": "http://hl7.org/fhir/StructureDefinition/structuredefinition-fmm",
      "valueInteger": 1
    }
  ],
  "url": "http://hl7.org/fhir/citation-artifact-classifier",
  "identifier": [
    {
      "system": "urn:ietf:rfc:3986",
      "value": "urn:oid:2.16.840.1.113883.4.642.4.1982"
    }
  ],
  "version": "6.0.0-ballot3",
  "name": "CitationArtifactClassifier",
  "title": "Citation Artifact Classifier",
  "status": "draft",
  "experimental": false,
  "date": "2021-03-11T10:55:11.085+11:00",
  "publisher": "HL7 International / Clinical Decision Support",
  "contact": [
    {
      "telecom": [
        {
          "system": "url",
          "value": "http://hl7.org/fhir"
        },
        {
          "system": "email",
          "value": "fhir@lists.hl7.org"
        }
      ]
    },
    {
      "telecom": [
        {
          "system": "url",
          "value": "http://www.hl7.org/Special/committees/dss"
        }
      ]
    }
  ],
  "description": "Citation artifact classifier",
  "jurisdiction": [
    {
      "coding": [
        {
          "system": "http://unstats.un.org/unsd/methods/m49/m49.htm",
          "code": "001",
          "display": "World"
        }
      ]
    }
  ],
  "caseSensitive": true,
  "valueSet": "http://hl7.org/fhir/ValueSet/citation-artifact-classifier",
  "content": "complete",
  "concept": [
    {
      "code": "audio",
      "display": "Audio file",
      "definition": "The article cited is an audio file."
    },
    {
      "code": "D001877",
      "display": "Book",
      "definition": "Non-periodical written or printed works consisting of sheets of pages fastened or bound together within covers."
    },
    {
      "code": "cds-artifact",
      "display": "Clinical Decision Support Artifact",
      "definition": "The artifact is used for decision support for healthcare decisions."
    },
    {
      "code": "D016420",
      "display": "Comment",
      "definition": "Comment"
    },
    {
      "code": "common-share",
      "display": "Common Share",
      "definition": "Citation Resource containing value added data that is openly shared"
    },
    {
      "code": "D019991",
      "display": "Database",
      "definition": "A structured file of information or a set of logically related data stored and retrieved using computer-based means."
    },
    {
      "code": "D064886",
      "display": "Dataset",
      "definition": "Works consisting of organized collections of data, which have been stored permanently in a formalized manner suitable for communication, interpretation, or processing."
    },
    {
      "code": "dataset-unpublished",
      "display": "Dataset Unpublished",
      "definition": "An organized collection of data that is not stored permanently for communication."
    },
    {
      "code": "Electronic",
      "display": "Electronic",
      "definition": "the journal is published in electronic format only"
    },
    {
      "code": "Electronic-eCollection",
      "display": "Electronic-eCollection",
      "definition": "used for electronic-only journals that publish individual articles first and then later collect them into an \"issue\" date that is typically called an eCollection."
    },
    {
      "code": "Electronic-Print",
      "display": "Electronic-Print",
      "definition": "the journal is published first in electronic format followed by print (this value is currently used for just one journal, Nucleic Acids Research)"
    },
    {
      "code": "executable-app",
      "display": "Executable app",
      "definition": "Executable app"
    },
    {
      "code": "fhir-resource",
      "display": "FHIR Resource",
      "definition": "The article cited is a FHIR resource."
    },
    {
      "code": "image",
      "display": "Image file",
      "definition": "The article cited is an image file."
    },
    {
      "code": "interactive-form",
      "display": "Interactive Form",
      "definition": "A user interface that supports data entry and data display."
    },
    {
      "code": "D016428",
      "display": "Journal Article",
      "definition": "Journal Article"
    },
    {
      "code": "D016422",
      "display": "Letter",
      "definition": "Letter"
    },
    {
      "code": "machine-code",
      "display": "Machine code",
      "definition": "The article cited is machine code."
    },
    {
      "code": "medline-base",
      "display": "Medline Base",
      "definition": "Citation Resource containing only data from Medline"
    },
    {
      "code": "prediction-model",
      "display": "Prediction Model",
      "definition": "A formula or expression used to calculate an outcome representing a predicted result."
    },
    {
      "code": "D000076942",
      "display": "Preprint",
      "definition": "Scientific manuscript made available prior to PEER REVIEW."
    },
    {
      "code": "Print",
      "display": "Print",
      "definition": "the journal is published in print format only"
    },
    {
      "code": "Print-Electronic",
      "display": "Print Electronic",
      "definition": "the journal is published in both print and electronic format"
    },
    {
      "code": "project-specific",
      "display": "Project Specific",
      "definition": "Citation Resource containing value added data specific to a project"
    },
    {
      "code": "protocol",
      "display": "Protocol",
      "definition": "The article cited is the protocol of an activity and not the results or findings."
    },
    {
      "code": "pseudocode",
      "display": "PseudoCode",
      "definition": "A non-executable, human-readable representation of software code."
    },
    {
      "code": "D016425",
      "display": "Published Erratum",
      "definition": "Published Erratum"
    },
    {
      "code": "standard-specification",
      "display": "Standard Specification",
      "definition": "An explicit set of requirements for an item, material, component, system or service, often used to define a technical standard which is an established norm or requirement for a repeatable technical task."
    },
    {
      "code": "terminology",
      "display": "Terminology",
      "definition": "A structured set of codes and display values, which may be subtyped as a code system, value set, taxonomy, or ontology."
    },
    {
      "code": "D059040",
      "display": "Video-Audio Media",
      "definition": "Used with articles which include video files or clips, or for articles which are entirely video."
    },
    {
      "code": "webpage",
      "display": "Webpage",
      "definition": "Webpage"
    }
  ]
}