{
  "resourceType": "CodeSystem",
  "id": "action-reason-code",
  "meta": {
    "lastUpdated": "2025-08-25T21:44:10.587+00:00",
    "profile": [
      "http://hl7.org/fhir/StructureDefinition/shareablecodesystem"
    ]
  },
  "text": {
    "status": "generated",
    "div": "\u003cdiv xmlns\u003d\"http://www.w3.org/1999/xhtml\"\u003e\u003cp class\u003d\"res-header-id\"\u003e\u003cb\u003eGenerated Narrative: CodeSystem action-reason-code\u003c/b\u003e\u003c/p\u003e\u003ca name\u003d\"action-reason-code\"\u003e \u003c/a\u003e\u003ca name\u003d\"hcaction-reason-code\"\u003e \u003c/a\u003e\u003cdiv style\u003d\"display: inline-block; background-color: #d9e0e7; padding: 6px; margin: 4px; border: 1px solid #8da1b4; border-radius: 5px; line-height: 60%\"\u003e\u003cp style\u003d\"margin-bottom: 0px\"/\u003e\u003cp style\u003d\"margin-bottom: 0px\"\u003eProfile: \u003ca href\u003d\"shareablecodesystem.html\"\u003eShareable CodeSystem\u003c/a\u003e\u003c/p\u003e\u003c/div\u003e\u003cp\u003eThis case-sensitive code system \u003ccode\u003ehttp://hl7.org/fhir/action-reason-code\u003c/code\u003e defines the following codes:\u003c/p\u003e\u003ctable class\u003d\"codes\"\u003e\u003ctr\u003e\u003ctd style\u003d\"white-space:nowrap\"\u003e\u003cb\u003eCode\u003c/b\u003e\u003c/td\u003e\u003ctd\u003e\u003cb\u003eDisplay\u003c/b\u003e\u003c/td\u003e\u003ctd\u003e\u003cb\u003eDefinition\u003c/b\u003e\u003c/td\u003e\u003c/tr\u003e\u003ctr\u003e\u003ctd style\u003d\"white-space:nowrap\"\u003eoff-pathway\u003ca name\u003d\"action-reason-code-off-pathway\"\u003e \u003c/a\u003e\u003c/td\u003e\u003ctd\u003eOff pathway\u003c/td\u003e\u003ctd\u003eThe action should be performed because the patient was determined to be off pathway.\u003c/td\u003e\u003c/tr\u003e\u003ctr\u003e\u003ctd style\u003d\"white-space:nowrap\"\u003erisk-assessment\u003ca name\u003d\"action-reason-code-risk-assessment\"\u003e \u003c/a\u003e\u003c/td\u003e\u003ctd\u003eRisk assessment\u003c/td\u003e\u003ctd\u003eThe action should be performed based on a particular risk assessment.\u003c/td\u003e\u003c/tr\u003e\u003ctr\u003e\u003ctd style\u003d\"white-space:nowrap\"\u003ecare-gap\u003ca name\u003d\"action-reason-code-care-gap\"\u003e \u003c/a\u003e\u003c/td\u003e\u003ctd\u003eCare gap detected\u003c/td\u003e\u003ctd\u003eThe action should be performed to address a detected care gap.\u003c/td\u003e\u003c/tr\u003e\u003ctr\u003e\u003ctd style\u003d\"white-space:nowrap\"\u003edrug-drug-interaction\u003ca name\u003d\"action-reason-code-drug-drug-interaction\"\u003e \u003c/a\u003e\u003c/td\u003e\u003ctd\u003eDrug-drug interaction\u003c/td\u003e\u003ctd\u003eThe action should be performed to address a detected potential drug-drug interaction.\u003c/td\u003e\u003c/tr\u003e\u003ctr\u003e\u003ctd style\u003d\"white-space:nowrap\"\u003equality-measure\u003ca name\u003d\"action-reason-code-quality-measure\"\u003e \u003c/a\u003e\u003c/td\u003e\u003ctd\u003eQuality measure\u003c/td\u003e\u003ctd\u003eThe action should be performed to bring the patient\u0027s care in line with a quality measure.\u003c/td\u003e\u003c/tr\u003e\u003c/table\u003e\u003c/div\u003e"
  },
  "extension": [
    {
      "url": "http://hl7.org/fhir/StructureDefinition/structuredefinition-wg",
      "valueCode": "cds"
    },
    {
      "url": "http://hl7.org/fhir/StructureDefinition/structuredefinition-standards-status",
      "valueCode": "draft"
    },
    {
      "url": "http://hl7.org/fhir/StructureDefinition/structuredefinition-fmm",
      "valueInteger": 1
    }
  ],
  "url": "http://hl7.org/fhir/action-reason-code",
  "identifier": [
    {
      "system": "urn:ietf:rfc:3986",
      "value": "urn:oid:2.16.840.1.113883.4.642.4.1945"
    }
  ],
  "version": "6.0.0-ballot3",
  "name": "ActionReasonCode",
  "title": "Action Reason Code",
  "status": "active",
  "experimental": false,
  "date": "2020-12-28T16:55:11+11:00",
  "publisher": "HL7 (FHIR Project)",
  "contact": [
    {
      "telecom": [
        {
          "system": "url",
          "value": "http://hl7.org/fhir"
        },
        {
          "system": "email",
          "value": "fhir@lists.hl7.org"
        }
      ]
    }
  ],
  "description": "Provides examples of reasons for actions to be performed.",
  "jurisdiction": [
    {
      "coding": [
        {
          "system": "http://unstats.un.org/unsd/methods/m49/m49.htm",
          "code": "001",
          "display": "World"
        }
      ]
    }
  ],
  "caseSensitive": true,
  "valueSet": "http://hl7.org/fhir/ValueSet/action-reason-code",
  "content": "complete",
  "concept": [
    {
      "code": "off-pathway",
      "display": "Off pathway",
      "definition": "The action should be performed because the patient was determined to be off pathway."
    },
    {
      "code": "risk-assessment",
      "display": "Risk assessment",
      "definition": "The action should be performed based on a particular risk assessment."
    },
    {
      "code": "care-gap",
      "display": "Care gap detected",
      "definition": "The action should be performed to address a detected care gap."
    },
    {
      "code": "drug-drug-interaction",
      "display": "Drug-drug interaction",
      "definition": "The action should be performed to address a detected potential drug-drug interaction."
    },
    {
      "code": "quality-measure",
      "display": "Quality measure",
      "definition": "The action should be performed to bring the patient\u0027s care in line with a quality measure."
    }
  ]
}