{
  "resourceType": "CodeSystem",
  "id": "reaction-event-severity",
  "meta": {
    "lastUpdated": "2025-08-25T21:44:10.587+00:00",
    "profile": [
      "http://hl7.org/fhir/StructureDefinition/shareablecodesystem"
    ]
  },
  "text": {
    "status": "generated",
    "div": "\u003cdiv xmlns\u003d\"http://www.w3.org/1999/xhtml\"\u003e\u003cp class\u003d\"res-header-id\"\u003e\u003cb\u003eGenerated Narrative: CodeSystem reaction-event-severity\u003c/b\u003e\u003c/p\u003e\u003ca name\u003d\"reaction-event-severity\"\u003e \u003c/a\u003e\u003ca name\u003d\"hcreaction-event-severity\"\u003e \u003c/a\u003e\u003cdiv style\u003d\"display: inline-block; background-color: #d9e0e7; padding: 6px; margin: 4px; border: 1px solid #8da1b4; border-radius: 5px; line-height: 60%\"\u003e\u003cp style\u003d\"margin-bottom: 0px\"/\u003e\u003cp style\u003d\"margin-bottom: 0px\"\u003eProfile: \u003ca href\u003d\"shareablecodesystem.html\"\u003eShareable CodeSystem\u003c/a\u003e\u003c/p\u003e\u003c/div\u003e\u003cp\u003eThis case-sensitive code system \u003ccode\u003ehttp://hl7.org/fhir/reaction-event-severity\u003c/code\u003e defines the following codes:\u003c/p\u003e\u003ctable class\u003d\"codes\"\u003e\u003ctr\u003e\u003ctd style\u003d\"white-space:nowrap\"\u003e\u003cb\u003eCode\u003c/b\u003e\u003c/td\u003e\u003ctd\u003e\u003cb\u003eDisplay\u003c/b\u003e\u003c/td\u003e\u003ctd\u003e\u003cb\u003eDefinition\u003c/b\u003e\u003c/td\u003e\u003c/tr\u003e\u003ctr\u003e\u003ctd style\u003d\"white-space:nowrap\"\u003emild\u003ca name\u003d\"reaction-event-severity-mild\"\u003e \u003c/a\u003e\u003c/td\u003e\u003ctd\u003eMild\u003c/td\u003e\u003ctd\u003eCauses mild physiological effects.\u003c/td\u003e\u003c/tr\u003e\u003ctr\u003e\u003ctd style\u003d\"white-space:nowrap\"\u003emoderate\u003ca name\u003d\"reaction-event-severity-moderate\"\u003e \u003c/a\u003e\u003c/td\u003e\u003ctd\u003eModerate\u003c/td\u003e\u003ctd\u003eCauses moderate physiological effects.\u003c/td\u003e\u003c/tr\u003e\u003ctr\u003e\u003ctd style\u003d\"white-space:nowrap\"\u003esevere\u003ca name\u003d\"reaction-event-severity-severe\"\u003e \u003c/a\u003e\u003c/td\u003e\u003ctd\u003eSevere\u003c/td\u003e\u003ctd\u003eCauses severe physiological effects.\u003c/td\u003e\u003c/tr\u003e\u003c/table\u003e\u003c/div\u003e"
  },
  "extension": [
    {
      "url": "http://hl7.org/fhir/StructureDefinition/structuredefinition-wg",
      "valueCode": "pc"
    },
    {
      "url": "http://hl7.org/fhir/StructureDefinition/structuredefinition-standards-status",
      "valueCode": "trial-use"
    },
    {
      "url": "http://hl7.org/fhir/StructureDefinition/structuredefinition-fmm",
      "valueInteger": 3
    }
  ],
  "url": "http://hl7.org/fhir/reaction-event-severity",
  "identifier": [
    {
      "system": "urn:ietf:rfc:3986",
      "value": "urn:oid:2.16.840.1.113883.4.642.4.136"
    },
    {
      "use": "old",
      "system": "urn:ietf:rfc:3986",
      "value": "urn:oid:2.16.840.1.113883.4.642.1.126"
    },
    {
      "use": "old",
      "system": "urn:ietf:rfc:3986",
      "value": "urn:oid:2.16.840.1.113883.4.642.2.56"
    }
  ],
  "version": "6.0.0-ballot3",
  "name": "AllergyIntoleranceSeverity",
  "title": "Allergy Intolerance Severity",
  "status": "active",
  "experimental": false,
  "date": "2021-01-05T10:01:24+11:00",
  "publisher": "HL7 (FHIR Project)",
  "contact": [
    {
      "telecom": [
        {
          "system": "url",
          "value": "http://hl7.org/fhir"
        },
        {
          "system": "email",
          "value": "fhir@lists.hl7.org"
        }
      ]
    }
  ],
  "description": "Clinical assessment of the severity of a reaction event as a whole, potentially considering multiple different manifestations.",
  "jurisdiction": [
    {
      "coding": [
        {
          "system": "http://unstats.un.org/unsd/methods/m49/m49.htm",
          "code": "001",
          "display": "World"
        }
      ]
    }
  ],
  "caseSensitive": true,
  "valueSet": "http://hl7.org/fhir/ValueSet/reaction-event-severity",
  "content": "complete",
  "concept": [
    {
      "code": "mild",
      "display": "Mild",
      "definition": "Causes mild physiological effects."
    },
    {
      "code": "moderate",
      "display": "Moderate",
      "definition": "Causes moderate physiological effects."
    },
    {
      "code": "severe",
      "display": "Severe",
      "definition": "Causes severe physiological effects."
    }
  ]
}