{
  "resourceType": "CodeSystem",
  "id": "audit-entity-detail-type",
  "meta": {
    "lastUpdated": "2025-08-25T21:44:10.587+00:00",
    "profile": [
      "http://hl7.org/fhir/StructureDefinition/shareablecodesystem"
    ]
  },
  "text": {
    "status": "generated",
    "div": "\u003cdiv xmlns\u003d\"http://www.w3.org/1999/xhtml\"\u003e\u003cp class\u003d\"res-header-id\"\u003e\u003cb\u003eGenerated Narrative: CodeSystem audit-entity-detail-type\u003c/b\u003e\u003c/p\u003e\u003ca name\u003d\"audit-entity-detail-type\"\u003e \u003c/a\u003e\u003ca name\u003d\"hcaudit-entity-detail-type\"\u003e \u003c/a\u003e\u003cdiv style\u003d\"display: inline-block; background-color: #d9e0e7; padding: 6px; margin: 4px; border: 1px solid #8da1b4; border-radius: 5px; line-height: 60%\"\u003e\u003cp style\u003d\"margin-bottom: 0px\"/\u003e\u003cp style\u003d\"margin-bottom: 0px\"\u003eProfile: \u003ca href\u003d\"shareablecodesystem.html\"\u003eShareable CodeSystem\u003c/a\u003e\u003c/p\u003e\u003c/div\u003e\u003cp\u003eThis case-sensitive code system \u003ccode\u003ehttp://hl7.org/fhir/audit-entity-detail-type\u003c/code\u003e provides some codes \u003cb\u003ethat are example only\u003c/b\u003e:\u003c/p\u003e\u003ctable class\u003d\"codes\"\u003e\u003ctr\u003e\u003ctd style\u003d\"white-space:nowrap\"\u003e\u003cb\u003eCode\u003c/b\u003e\u003c/td\u003e\u003ctd\u003e\u003cb\u003eDisplay\u003c/b\u003e\u003c/td\u003e\u003ctd\u003e\u003cb\u003eDefinition\u003c/b\u003e\u003c/td\u003e\u003c/tr\u003e\u003ctr\u003e\u003ctd style\u003d\"white-space:nowrap\"\u003eorientation\u003ca name\u003d\"audit-entity-detail-type-orientation\"\u003e \u003c/a\u003e\u003c/td\u003e\u003ctd\u003eOrientation\u003c/td\u003e\u003ctd\u003eThe orientation of the entity with respect to the event\u003c/td\u003e\u003c/tr\u003e\u003ctr\u003e\u003ctd style\u003d\"white-space:nowrap\"\u003espin\u003ca name\u003d\"audit-entity-detail-type-spin\"\u003e \u003c/a\u003e\u003c/td\u003e\u003ctd\u003eSpin\u003c/td\u003e\u003ctd\u003eThe spin of the entity with respect to the event\u003c/td\u003e\u003c/tr\u003e\u003c/table\u003e\u003c/div\u003e"
  },
  "extension": [
    {
      "url": "http://hl7.org/fhir/StructureDefinition/structuredefinition-wg",
      "valueCode": "sec"
    },
    {
      "url": "http://hl7.org/fhir/StructureDefinition/structuredefinition-standards-status",
      "valueCode": "trial-use"
    },
    {
      "url": "http://hl7.org/fhir/StructureDefinition/structuredefinition-fmm",
      "valueInteger": 3
    }
  ],
  "url": "http://hl7.org/fhir/audit-entity-detail-type",
  "identifier": [
    {
      "system": "urn:ietf:rfc:3986",
      "value": "urn:oid:2.16.840.1.113883.4.642.4.1795"
    }
  ],
  "version": "6.0.0-ballot3",
  "name": "AuditEntityDetailTypeSample",
  "title": "Sample Codes for AuditEvent.entity.detail.type",
  "status": "active",
  "experimental": true,
  "date": "2024-06-12",
  "publisher": "HL7 (FHIR Project)",
  "contact": [
    {
      "telecom": [
        {
          "system": "url",
          "value": "http://hl7.org/fhir"
        },
        {
          "system": "email",
          "value": "fhir@lists.hl7.org"
        }
      ]
    }
  ],
  "description": "This codeSystem contains examples of codes. These are not known to be used.",
  "jurisdiction": [
    {
      "coding": [
        {
          "system": "http://unstats.un.org/unsd/methods/m49/m49.htm",
          "code": "001",
          "display": "World"
        }
      ]
    }
  ],
  "caseSensitive": true,
  "valueSet": "http://hl7.org/fhir/ValueSet/audit-entity-detail-type",
  "content": "example",
  "concept": [
    {
      "code": "orientation",
      "display": "Orientation",
      "definition": "The orientation of the entity with respect to the event"
    },
    {
      "code": "spin",
      "display": "Spin",
      "definition": "The spin of the entity with respect to the event"
    }
  ]
}