{
  "resourceType": "CodeSystem",
  "id": "device-correctiveactionscope",
  "meta": {
    "lastUpdated": "2025-08-26T08:44:10.587+11:00",
    "profile": [
      "http://hl7.org/fhir/StructureDefinition/shareablecodesystem"
    ]
  },
  "text": {
    "status": "generated",
    "div": "\u003cdiv xmlns\u003d\"http://www.w3.org/1999/xhtml\"\u003e\u003cp class\u003d\"res-header-id\"\u003e\u003cb\u003eGenerated Narrative: CodeSystem device-correctiveactionscope\u003c/b\u003e\u003c/p\u003e\u003ca name\u003d\"device-correctiveactionscope\"\u003e \u003c/a\u003e\u003ca name\u003d\"hcdevice-correctiveactionscope\"\u003e \u003c/a\u003e\u003cdiv style\u003d\"display: inline-block; background-color: #d9e0e7; padding: 6px; margin: 4px; border: 1px solid #8da1b4; border-radius: 5px; line-height: 60%\"\u003e\u003cp style\u003d\"margin-bottom: 0px\"\u003eLast updated: 2021-01-05T10:01:24.148+11:00\u003c/p\u003e\u003cp style\u003d\"margin-bottom: 0px\"\u003eProfile: \u003ca href\u003d\"shareablecodesystem.html\"\u003eShareable CodeSystem\u003c/a\u003e\u003c/p\u003e\u003c/div\u003e\u003cp\u003eThis case-sensitive code system \u003ccode\u003ehttp://hl7.org/fhir/device-correctiveactionscope\u003c/code\u003e defines the following codes:\u003c/p\u003e\u003ctable class\u003d\"codes\"\u003e\u003ctr\u003e\u003ctd style\u003d\"white-space:nowrap\"\u003e\u003cb\u003eCode\u003c/b\u003e\u003c/td\u003e\u003ctd\u003e\u003cb\u003eDisplay\u003c/b\u003e\u003c/td\u003e\u003ctd\u003e\u003cb\u003eDefinition\u003c/b\u003e\u003c/td\u003e\u003c/tr\u003e\u003ctr\u003e\u003ctd style\u003d\"white-space:nowrap\"\u003emodel\u003ca name\u003d\"device-correctiveactionscope-model\"\u003e \u003c/a\u003e\u003c/td\u003e\u003ctd\u003eModel\u003c/td\u003e\u003ctd\u003eThe corrective action was intended for all units of the same model.\u003c/td\u003e\u003c/tr\u003e\u003ctr\u003e\u003ctd style\u003d\"white-space:nowrap\"\u003elot-numbers\u003ca name\u003d\"device-correctiveactionscope-lot-numbers\"\u003e \u003c/a\u003e\u003c/td\u003e\u003ctd\u003eLot Numbers\u003c/td\u003e\u003ctd\u003eThe corrective action was intended for a specific batch of units identified by a lot number.\u003c/td\u003e\u003c/tr\u003e\u003ctr\u003e\u003ctd style\u003d\"white-space:nowrap\"\u003eserial-numbers\u003ca name\u003d\"device-correctiveactionscope-serial-numbers\"\u003e \u003c/a\u003e\u003c/td\u003e\u003ctd\u003eSerial Numbers\u003c/td\u003e\u003ctd\u003eThe corrective action was intended for an individual unit (or a set of units) individually identified by serial number.\u003c/td\u003e\u003c/tr\u003e\u003c/table\u003e\u003c/div\u003e"
  },
  "extension": [
    {
      "url": "http://hl7.org/fhir/StructureDefinition/structuredefinition-wg",
      "valueCode": "oo"
    },
    {
      "url": "http://hl7.org/fhir/StructureDefinition/structuredefinition-standards-status",
      "valueCode": "trial-use"
    },
    {
      "url": "http://hl7.org/fhir/StructureDefinition/structuredefinition-fmm",
      "valueInteger": 0
    }
  ],
  "url": "http://hl7.org/fhir/device-correctiveactionscope",
  "identifier": [
    {
      "system": "urn:ietf:rfc:3986",
      "value": "urn:oid:2.16.840.1.113883.4.642.4.1932"
    }
  ],
  "version": "6.0.0-ballot3",
  "name": "DeviceCorrectiveActionScope",
  "title": "Device Corrective Action Scope",
  "status": "active",
  "experimental": false,
  "date": "2021-01-05T10:01:24+11:00",
  "publisher": "HL7 (FHIR Project)",
  "contact": [
    {
      "telecom": [
        {
          "system": "url",
          "value": "http://hl7.org/fhir"
        },
        {
          "system": "email",
          "value": "fhir@lists.hl7.org"
        }
      ]
    }
  ],
  "description": "The type of relation between devices.",
  "jurisdiction": [
    {
      "coding": [
        {
          "system": "http://unstats.un.org/unsd/methods/m49/m49.htm",
          "code": "001",
          "display": "World"
        }
      ]
    }
  ],
  "caseSensitive": true,
  "valueSet": "http://hl7.org/fhir/ValueSet/device-correctiveactionscope",
  "content": "complete",
  "concept": [
    {
      "code": "model",
      "display": "Model",
      "definition": "The corrective action was intended for all units of the same model."
    },
    {
      "code": "lot-numbers",
      "display": "Lot Numbers",
      "definition": "The corrective action was intended for a specific batch of units identified by a lot number."
    },
    {
      "code": "serial-numbers",
      "display": "Serial Numbers",
      "definition": "The corrective action was intended for an individual unit (or a set of units) individually identified by serial number."
    }
  ]
}