{
  "resourceType": "CompartmentDefinition",
  "id": "patient",
  "text": {
    "status": "generated",
    "div": "\u003cdiv xmlns\u003d\"http://www.w3.org/1999/xhtml\"\u003e\u003cp class\u003d\"res-header-id\"\u003e\u003cb\u003eGenerated Narrative: CompartmentDefinition patient\u003c/b\u003e\u003c/p\u003e\u003ca name\u003d\"patient\"\u003e \u003c/a\u003e\u003ca name\u003d\"hcpatient\"\u003e \u003c/a\u003e\u003cp\u003e\r\nThe following resources may be in this compartment:\r\n\u003c/p\u003e\r\n\u003ctable class\u003d\"grid\"\u003e\r\n \u003ctr\u003e\u003ctd\u003e\u003cb\u003eResource\u003c/b\u003e\u003c/td\u003e\u003ctd\u003e\u003cb\u003eInclusion Criteria\u003c/b\u003e\u003c/td\u003e\u003c/tr\u003e\r\n \u003ctr\u003e\u003ctd\u003e\u003ca href\u003d\"account.html\"\u003eAccount\u003c/a\u003e\u003c/td\u003e\u003ctd\u003esubject\u003c/td\u003e\u003c/tr\u003e\r\n \u003ctr\u003e\u003ctd\u003e\u003ca href\u003d\"adverseevent.html\"\u003eAdverseEvent\u003c/a\u003e\u003c/td\u003e\u003ctd\u003esubject\u003c/td\u003e\u003c/tr\u003e\r\n \u003ctr\u003e\u003ctd\u003e\u003ca href\u003d\"allergyintolerance.html\"\u003eAllergyIntolerance\u003c/a\u003e\u003c/td\u003e\u003ctd\u003epatient, asserter\u003c/td\u003e\u003c/tr\u003e\r\n \u003ctr\u003e\u003ctd\u003e\u003ca href\u003d\"appointment.html\"\u003eAppointment\u003c/a\u003e\u003c/td\u003e\u003ctd\u003eactor\u003c/td\u003e\u003c/tr\u003e\r\n \u003ctr\u003e\u003ctd\u003e\u003ca href\u003d\"appointmentresponse.html\"\u003eAppointmentResponse\u003c/a\u003e\u003c/td\u003e\u003ctd\u003eactor\u003c/td\u003e\u003c/tr\u003e\r\n \u003ctr\u003e\u003ctd\u003e\u003ca href\u003d\"auditevent.html\"\u003eAuditEvent\u003c/a\u003e\u003c/td\u003e\u003ctd\u003epatient\u003c/td\u003e\u003c/tr\u003e\r\n \u003ctr\u003e\u003ctd\u003e\u003ca href\u003d\"basic.html\"\u003eBasic\u003c/a\u003e\u003c/td\u003e\u003ctd\u003epatient, author\u003c/td\u003e\u003c/tr\u003e\r\n \u003ctr\u003e\u003ctd\u003e\u003ca href\u003d\"biologicallyderivedproductdispense.html\"\u003eBiologicallyDerivedProductDispense\u003c/a\u003e\u003c/td\u003e\u003ctd\u003epatient, subject\u003c/td\u003e\u003c/tr\u003e\r\n \u003ctr\u003e\u003ctd\u003e\u003ca href\u003d\"bodystructure.html\"\u003eBodyStructure\u003c/a\u003e\u003c/td\u003e\u003ctd\u003epatient\u003c/td\u003e\u003c/tr\u003e\r\n \u003ctr\u003e\u003ctd\u003e\u003ca href\u003d\"careplan.html\"\u003eCarePlan\u003c/a\u003e\u003c/td\u003e\u003ctd\u003epatient\u003c/td\u003e\u003c/tr\u003e\r\n \u003ctr\u003e\u003ctd\u003e\u003ca href\u003d\"careteam.html\"\u003eCareTeam\u003c/a\u003e\u003c/td\u003e\u003ctd\u003epatient, participant\u003c/td\u003e\u003c/tr\u003e\r\n \u003ctr\u003e\u003ctd\u003e\u003ca href\u003d\"chargeitem.html\"\u003eChargeItem\u003c/a\u003e\u003c/td\u003e\u003ctd\u003esubject\u003c/td\u003e\u003c/tr\u003e\r\n \u003ctr\u003e\u003ctd\u003e\u003ca href\u003d\"claim.html\"\u003eClaim\u003c/a\u003e\u003c/td\u003e\u003ctd\u003epatient, payee\u003c/td\u003e\u003c/tr\u003e\r\n \u003ctr\u003e\u003ctd\u003e\u003ca href\u003d\"claimresponse.html\"\u003eClaimResponse\u003c/a\u003e\u003c/td\u003e\u003ctd\u003epatient\u003c/td\u003e\u003c/tr\u003e\r\n \u003ctr\u003e\u003ctd\u003e\u003ca href\u003d\"clinicalassessment.html\"\u003eClinicalAssessment\u003c/a\u003e\u003c/td\u003e\u003ctd\u003esubject\u003c/td\u003e\u003c/tr\u003e\r\n \u003ctr\u003e\u003ctd\u003e\u003ca href\u003d\"communication.html\"\u003eCommunication\u003c/a\u003e\u003c/td\u003e\u003ctd\u003esubject, sender, recipient\u003c/td\u003e\u003c/tr\u003e\r\n \u003ctr\u003e\u003ctd\u003e\u003ca href\u003d\"communicationrequest.html\"\u003eCommunicationRequest\u003c/a\u003e\u003c/td\u003e\u003ctd\u003esubject, information-provider, recipient, requester\u003c/td\u003e\u003c/tr\u003e\r\n \u003ctr\u003e\u003ctd\u003e\u003ca href\u003d\"composition.html\"\u003eComposition\u003c/a\u003e\u003c/td\u003e\u003ctd\u003esubject, author, attester\u003c/td\u003e\u003c/tr\u003e\r\n \u003ctr\u003e\u003ctd\u003e\u003ca href\u003d\"condition.html\"\u003eCondition\u003c/a\u003e\u003c/td\u003e\u003ctd\u003epatient, asserter\u003c/td\u003e\u003c/tr\u003e\r\n \u003ctr\u003e\u003ctd\u003e\u003ca href\u003d\"consent.html\"\u003eConsent\u003c/a\u003e\u003c/td\u003e\u003ctd\u003esubject\u003c/td\u003e\u003c/tr\u003e\r\n \u003ctr\u003e\u003ctd\u003e\u003ca href\u003d\"contract.html\"\u003eContract\u003c/a\u003e\u003c/td\u003e\u003ctd\u003epatient\u003c/td\u003e\u003c/tr\u003e\r\n \u003ctr\u003e\u003ctd\u003e\u003ca href\u003d\"coverage.html\"\u003eCoverage\u003c/a\u003e\u003c/td\u003e\u003ctd\u003epolicy-holder, subscriber, beneficiary, paymentby-party\u003c/td\u003e\u003c/tr\u003e\r\n \u003ctr\u003e\u003ctd\u003e\u003ca href\u003d\"coverageeligibilityrequest.html\"\u003eCoverageEligibilityRequest\u003c/a\u003e\u003c/td\u003e\u003ctd\u003epatient\u003c/td\u003e\u003c/tr\u003e\r\n \u003ctr\u003e\u003ctd\u003e\u003ca href\u003d\"coverageeligibilityresponse.html\"\u003eCoverageEligibilityResponse\u003c/a\u003e\u003c/td\u003e\u003ctd\u003epatient\u003c/td\u003e\u003c/tr\u003e\r\n \u003ctr\u003e\u003ctd\u003e\u003ca href\u003d\"detectedissue.html\"\u003eDetectedIssue\u003c/a\u003e\u003c/td\u003e\u003ctd\u003epatient\u003c/td\u003e\u003c/tr\u003e\r\n \u003ctr\u003e\u003ctd\u003e\u003ca href\u003d\"devicealert.html\"\u003eDeviceAlert\u003c/a\u003e\u003c/td\u003e\u003ctd\u003esubject\u003c/td\u003e\u003c/tr\u003e\r\n \u003ctr\u003e\u003ctd\u003e\u003ca href\u003d\"deviceassociation.html\"\u003eDeviceAssociation\u003c/a\u003e\u003c/td\u003e\u003ctd\u003esubject, operator\u003c/td\u003e\u003c/tr\u003e\r\n \u003ctr\u003e\u003ctd\u003e\u003ca href\u003d\"devicedispense.html\"\u003eDeviceDispense\u003c/a\u003e\u003c/td\u003e\u003ctd\u003epatient, subject\u003c/td\u003e\u003c/tr\u003e\r\n \u003ctr\u003e\u003ctd\u003e\u003ca href\u003d\"devicerequest.html\"\u003eDeviceRequest\u003c/a\u003e\u003c/td\u003e\u003ctd\u003esubject, performer\u003c/td\u003e\u003c/tr\u003e\r\n \u003ctr\u003e\u003ctd\u003e\u003ca href\u003d\"deviceusage.html\"\u003eDeviceUsage\u003c/a\u003e\u003c/td\u003e\u003ctd\u003epatient, subject\u003c/td\u003e\u003c/tr\u003e\r\n \u003ctr\u003e\u003ctd\u003e\u003ca href\u003d\"diagnosticreport.html\"\u003eDiagnosticReport\u003c/a\u003e\u003c/td\u003e\u003ctd\u003esubject\u003c/td\u003e\u003c/tr\u003e\r\n \u003ctr\u003e\u003ctd\u003e\u003ca href\u003d\"documentreference.html\"\u003eDocumentReference\u003c/a\u003e\u003c/td\u003e\u003ctd\u003esubject, author\u003c/td\u003e\u003c/tr\u003e\r\n \u003ctr\u003e\u003ctd\u003e\u003ca href\u003d\"encounter.html\"\u003eEncounter\u003c/a\u003e\u003c/td\u003e\u003ctd\u003epatient\u003c/td\u003e\u003c/tr\u003e\r\n \u003ctr\u003e\u003ctd\u003e\u003ca href\u003d\"encounterhistory.html\"\u003eEncounterHistory\u003c/a\u003e\u003c/td\u003e\u003ctd\u003epatient\u003c/td\u003e\u003c/tr\u003e\r\n \u003ctr\u003e\u003ctd\u003e\u003ca href\u003d\"enrollmentrequest.html\"\u003eEnrollmentRequest\u003c/a\u003e\u003c/td\u003e\u003ctd\u003esubject\u003c/td\u003e\u003c/tr\u003e\r\n \u003ctr\u003e\u003ctd\u003e\u003ca href\u003d\"episodeofcare.html\"\u003eEpisodeOfCare\u003c/a\u003e\u003c/td\u003e\u003ctd\u003esubject\u003c/td\u003e\u003c/tr\u003e\r\n \u003ctr\u003e\u003ctd\u003e\u003ca href\u003d\"explanationofbenefit.html\"\u003eExplanationOfBenefit\u003c/a\u003e\u003c/td\u003e\u003ctd\u003epatient, payee\u003c/td\u003e\u003c/tr\u003e\r\n \u003ctr\u003e\u003ctd\u003e\u003ca href\u003d\"familymemberhistory.html\"\u003eFamilyMemberHistory\u003c/a\u003e\u003c/td\u003e\u003ctd\u003epatient\u003c/td\u003e\u003c/tr\u003e\r\n \u003ctr\u003e\u003ctd\u003e\u003ca href\u003d\"flag.html\"\u003eFlag\u003c/a\u003e\u003c/td\u003e\u003ctd\u003epatient\u003c/td\u003e\u003c/tr\u003e\r\n \u003ctr\u003e\u003ctd\u003e\u003ca href\u003d\"genomicstudy.html\"\u003eGenomicStudy\u003c/a\u003e\u003c/td\u003e\u003ctd\u003epatient\u003c/td\u003e\u003c/tr\u003e\r\n \u003ctr\u003e\u003ctd\u003e\u003ca href\u003d\"goal.html\"\u003eGoal\u003c/a\u003e\u003c/td\u003e\u003ctd\u003epatient\u003c/td\u003e\u003c/tr\u003e\r\n \u003ctr\u003e\u003ctd\u003e\u003ca href\u003d\"group.html\"\u003eGroup\u003c/a\u003e\u003c/td\u003e\u003ctd\u003emember\u003c/td\u003e\u003c/tr\u003e\r\n \u003ctr\u003e\u003ctd\u003e\u003ca href\u003d\"guidanceresponse.html\"\u003eGuidanceResponse\u003c/a\u003e\u003c/td\u003e\u003ctd\u003epatient\u003c/td\u003e\u003c/tr\u003e\r\n \u003ctr\u003e\u003ctd\u003e\u003ca href\u003d\"imagingselection.html\"\u003eImagingSelection\u003c/a\u003e\u003c/td\u003e\u003ctd\u003epatient\u003c/td\u003e\u003c/tr\u003e\r\n \u003ctr\u003e\u003ctd\u003e\u003ca href\u003d\"imagingstudy.html\"\u003eImagingStudy\u003c/a\u003e\u003c/td\u003e\u003ctd\u003epatient\u003c/td\u003e\u003c/tr\u003e\r\n \u003ctr\u003e\u003ctd\u003e\u003ca href\u003d\"immunization.html\"\u003eImmunization\u003c/a\u003e\u003c/td\u003e\u003ctd\u003epatient\u003c/td\u003e\u003c/tr\u003e\r\n \u003ctr\u003e\u003ctd\u003e\u003ca href\u003d\"immunizationevaluation.html\"\u003eImmunizationEvaluation\u003c/a\u003e\u003c/td\u003e\u003ctd\u003epatient\u003c/td\u003e\u003c/tr\u003e\r\n \u003ctr\u003e\u003ctd\u003e\u003ca href\u003d\"immunizationrecommendation.html\"\u003eImmunizationRecommendation\u003c/a\u003e\u003c/td\u003e\u003ctd\u003epatient\u003c/td\u003e\u003c/tr\u003e\r\n \u003ctr\u003e\u003ctd\u003e\u003ca href\u003d\"invoice.html\"\u003eInvoice\u003c/a\u003e\u003c/td\u003e\u003ctd\u003esubject, patient, recipient\u003c/td\u003e\u003c/tr\u003e\r\n \u003ctr\u003e\u003ctd\u003e\u003ca href\u003d\"list.html\"\u003eList\u003c/a\u003e\u003c/td\u003e\u003ctd\u003esubject, source\u003c/td\u003e\u003c/tr\u003e\r\n \u003ctr\u003e\u003ctd\u003e\u003ca href\u003d\"measurereport.html\"\u003eMeasureReport\u003c/a\u003e\u003c/td\u003e\u003ctd\u003epatient\u003c/td\u003e\u003c/tr\u003e\r\n \u003ctr\u003e\u003ctd\u003e\u003ca href\u003d\"medicationadministration.html\"\u003eMedicationAdministration\u003c/a\u003e\u003c/td\u003e\u003ctd\u003epatient, subject\u003c/td\u003e\u003c/tr\u003e\r\n \u003ctr\u003e\u003ctd\u003e\u003ca href\u003d\"medicationdispense.html\"\u003eMedicationDispense\u003c/a\u003e\u003c/td\u003e\u003ctd\u003esubject, patient, receiver\u003c/td\u003e\u003c/tr\u003e\r\n \u003ctr\u003e\u003ctd\u003e\u003ca href\u003d\"medicationrequest.html\"\u003eMedicationRequest\u003c/a\u003e\u003c/td\u003e\u003ctd\u003esubject\u003c/td\u003e\u003c/tr\u003e\r\n \u003ctr\u003e\u003ctd\u003e\u003ca href\u003d\"medicationstatement.html\"\u003eMedicationStatement\u003c/a\u003e\u003c/td\u003e\u003ctd\u003esubject\u003c/td\u003e\u003c/tr\u003e\r\n \u003ctr\u003e\u003ctd\u003e\u003ca href\u003d\"nutritionintake.html\"\u003eNutritionIntake\u003c/a\u003e\u003c/td\u003e\u003ctd\u003esubject, source\u003c/td\u003e\u003c/tr\u003e\r\n \u003ctr\u003e\u003ctd\u003e\u003ca href\u003d\"nutritionorder.html\"\u003eNutritionOrder\u003c/a\u003e\u003c/td\u003e\u003ctd\u003epatient\u003c/td\u003e\u003c/tr\u003e\r\n \u003ctr\u003e\u003ctd\u003e\u003ca href\u003d\"observation.html\"\u003eObservation\u003c/a\u003e\u003c/td\u003e\u003ctd\u003esubject, performer\u003c/td\u003e\u003c/tr\u003e\r\n \u003ctr\u003e\u003ctd\u003e\u003ca href\u003d\"patient.html\"\u003ePatient\u003c/a\u003e\u003c/td\u003e\u003ctd\u003e{def}, link\u003c/td\u003e\u003c/tr\u003e\r\n \u003ctr\u003e\u003ctd\u003e\u003ca href\u003d\"person.html\"\u003ePerson\u003c/a\u003e\u003c/td\u003e\u003ctd\u003epatient\u003c/td\u003e\u003c/tr\u003e\r\n \u003ctr\u003e\u003ctd\u003e\u003ca href\u003d\"personalrelationship.html\"\u003ePersonalRelationship\u003c/a\u003e\u003c/td\u003e\u003ctd\u003esource, target\u003c/td\u003e\u003c/tr\u003e\r\n \u003ctr\u003e\u003ctd\u003e\u003ca href\u003d\"procedure.html\"\u003eProcedure\u003c/a\u003e\u003c/td\u003e\u003ctd\u003epatient, performer\u003c/td\u003e\u003c/tr\u003e\r\n \u003ctr\u003e\u003ctd\u003e\u003ca href\u003d\"provenance.html\"\u003eProvenance\u003c/a\u003e\u003c/td\u003e\u003ctd\u003epatient\u003c/td\u003e\u003c/tr\u003e\r\n \u003ctr\u003e\u003ctd\u003e\u003ca href\u003d\"questionnaireresponse.html\"\u003eQuestionnaireResponse\u003c/a\u003e\u003c/td\u003e\u003ctd\u003esubject, author\u003c/td\u003e\u003c/tr\u003e\r\n \u003ctr\u003e\u003ctd\u003e\u003ca href\u003d\"relatedperson.html\"\u003eRelatedPerson\u003c/a\u003e\u003c/td\u003e\u003ctd\u003epatient\u003c/td\u003e\u003c/tr\u003e\r\n \u003ctr\u003e\u003ctd\u003e\u003ca href\u003d\"requestorchestration.html\"\u003eRequestOrchestration\u003c/a\u003e\u003c/td\u003e\u003ctd\u003esubject, participant\u003c/td\u003e\u003c/tr\u003e\r\n \u003ctr\u003e\u003ctd\u003e\u003ca href\u003d\"researchsubject.html\"\u003eResearchSubject\u003c/a\u003e\u003c/td\u003e\u003ctd\u003esubject\u003c/td\u003e\u003c/tr\u003e\r\n \u003ctr\u003e\u003ctd\u003e\u003ca href\u003d\"riskassessment.html\"\u003eRiskAssessment\u003c/a\u003e\u003c/td\u003e\u003ctd\u003esubject\u003c/td\u003e\u003c/tr\u003e\r\n \u003ctr\u003e\u003ctd\u003e\u003ca href\u003d\"schedule.html\"\u003eSchedule\u003c/a\u003e\u003c/td\u003e\u003ctd\u003eactor\u003c/td\u003e\u003c/tr\u003e\r\n \u003ctr\u003e\u003ctd\u003e\u003ca href\u003d\"servicerequest.html\"\u003eServiceRequest\u003c/a\u003e\u003c/td\u003e\u003ctd\u003esubject, performer\u003c/td\u003e\u003c/tr\u003e\r\n \u003ctr\u003e\u003ctd\u003e\u003ca href\u003d\"specimen.html\"\u003eSpecimen\u003c/a\u003e\u003c/td\u003e\u003ctd\u003esubject\u003c/td\u003e\u003c/tr\u003e\r\n \u003ctr\u003e\u003ctd\u003e\u003ca href\u003d\"supplydelivery.html\"\u003eSupplyDelivery\u003c/a\u003e\u003c/td\u003e\u003ctd\u003epatient, subject\u003c/td\u003e\u003c/tr\u003e\r\n \u003ctr\u003e\u003ctd\u003e\u003ca href\u003d\"supplyrequest.html\"\u003eSupplyRequest\u003c/a\u003e\u003c/td\u003e\u003ctd\u003esubject\u003c/td\u003e\u003c/tr\u003e\r\n \u003ctr\u003e\u003ctd\u003e\u003ca href\u003d\"task.html\"\u003eTask\u003c/a\u003e\u003c/td\u003e\u003ctd\u003epatient, focus\u003c/td\u003e\u003c/tr\u003e\r\n \u003ctr\u003e\u003ctd\u003e\u003ca href\u003d\"visionprescription.html\"\u003eVisionPrescription\u003c/a\u003e\u003c/td\u003e\u003ctd\u003epatient\u003c/td\u003e\u003c/tr\u003e\r\n\u003c/table\u003e\r\n\u003cp\u003e\r\nA resource is in this compartment if the nominated search parameter (or chain) refers to the patient resource that defines the compartment.\r\n\u003c/p\u003e\r\n\u003cp\u003e\r\n\r\n\u003c/p\u003e\r\n\u003cp\u003e\r\nThe following resources are never in this compartment:\r\n\u003c/p\u003e\r\n\u003cul\u003e\r\n \u003cli\u003e\u003ca href\u003d\"activitydefinition.html\"\u003eActivityDefinition\u003c/a\u003e\u003c/li\u003e\r\n \u003cli\u003e\u003ca href\u003d\"actordefinition.html\"\u003eActorDefinition\u003c/a\u003e\u003c/li\u003e\r\n \u003cli\u003e\u003ca href\u003d\"administrableproductdefinition.html\"\u003eAdministrableProductDefinition\u003c/a\u003e\u003c/li\u003e\r\n \u003cli\u003e\u003ca href\u003d\"artifactassessment.html\"\u003eArtifactAssessment\u003c/a\u003e\u003c/li\u003e\r\n \u003cli\u003e\u003ca href\u003d\"binary.html\"\u003eBinary\u003c/a\u003e\u003c/li\u003e\r\n \u003cli\u003e\u003ca href\u003d\"biologicallyderivedproduct.html\"\u003eBiologicallyDerivedProduct\u003c/a\u003e\u003c/li\u003e\r\n \u003cli\u003e\u003ca href\u003d\"bundle.html\"\u003eBundle\u003c/a\u003e\u003c/li\u003e\r\n \u003cli\u003e\u003ca href\u003d\"capabilitystatement.html\"\u003eCapabilityStatement\u003c/a\u003e\u003c/li\u003e\r\n \u003cli\u003e\u003ca href\u003d\"chargeitemdefinition.html\"\u003eChargeItemDefinition\u003c/a\u003e\u003c/li\u003e\r\n \u003cli\u003e\u003ca href\u003d\"citation.html\"\u003eCitation\u003c/a\u003e\u003c/li\u003e\r\n \u003cli\u003e\u003ca href\u003d\"clinicalusedefinition.html\"\u003eClinicalUseDefinition\u003c/a\u003e\u003c/li\u003e\r\n \u003cli\u003e\u003ca href\u003d\"codesystem.html\"\u003eCodeSystem\u003c/a\u003e\u003c/li\u003e\r\n \u003cli\u003e\u003ca href\u003d\"compartmentdefinition.html\"\u003eCompartmentDefinition\u003c/a\u003e\u003c/li\u003e\r\n \u003cli\u003e\u003ca href\u003d\"conceptmap.html\"\u003eConceptMap\u003c/a\u003e\u003c/li\u003e\r\n \u003cli\u003e\u003ca href\u003d\"conditiondefinition.html\"\u003eConditionDefinition\u003c/a\u003e\u003c/li\u003e\r\n \u003cli\u003e\u003ca href\u003d\"device.html\"\u003eDevice\u003c/a\u003e\u003c/li\u003e\r\n \u003cli\u003e\u003ca href\u003d\"devicedefinition.html\"\u003eDeviceDefinition\u003c/a\u003e\u003c/li\u003e\r\n \u003cli\u003e\u003ca href\u003d\"devicemetric.html\"\u003eDeviceMetric\u003c/a\u003e\u003c/li\u003e\r\n \u003cli\u003e\u003ca href\u003d\"endpoint.html\"\u003eEndpoint\u003c/a\u003e\u003c/li\u003e\r\n \u003cli\u003e\u003ca href\u003d\"enrollmentresponse.html\"\u003eEnrollmentResponse\u003c/a\u003e\u003c/li\u003e\r\n \u003cli\u003e\u003ca href\u003d\"eventdefinition.html\"\u003eEventDefinition\u003c/a\u003e\u003c/li\u003e\r\n \u003cli\u003e\u003ca href\u003d\"evidence.html\"\u003eEvidence\u003c/a\u003e\u003c/li\u003e\r\n \u003cli\u003e\u003ca href\u003d\"evidencevariable.html\"\u003eEvidenceVariable\u003c/a\u003e\u003c/li\u003e\r\n \u003cli\u003e\u003ca href\u003d\"examplescenario.html\"\u003eExampleScenario\u003c/a\u003e\u003c/li\u003e\r\n \u003cli\u003e\u003ca href\u003d\"formularyitem.html\"\u003eFormularyItem\u003c/a\u003e\u003c/li\u003e\r\n \u003cli\u003e\u003ca href\u003d\"graphdefinition.html\"\u003eGraphDefinition\u003c/a\u003e\u003c/li\u003e\r\n \u003cli\u003e\u003ca href\u003d\"healthcareservice.html\"\u003eHealthcareService\u003c/a\u003e\u003c/li\u003e\r\n \u003cli\u003e\u003ca href\u003d\"implementationguide.html\"\u003eImplementationGuide\u003c/a\u003e\u003c/li\u003e\r\n \u003cli\u003e\u003ca href\u003d\"ingredient.html\"\u003eIngredient\u003c/a\u003e\u003c/li\u003e\r\n \u003cli\u003e\u003ca href\u003d\"insuranceplan.html\"\u003eInsurancePlan\u003c/a\u003e\u003c/li\u003e\r\n \u003cli\u003e\u003ca href\u003d\"insuranceproduct.html\"\u003eInsuranceProduct\u003c/a\u003e\u003c/li\u003e\r\n \u003cli\u003e\u003ca href\u003d\"inventoryitem.html\"\u003eInventoryItem\u003c/a\u003e\u003c/li\u003e\r\n \u003cli\u003e\u003ca href\u003d\"inventoryreport.html\"\u003eInventoryReport\u003c/a\u003e\u003c/li\u003e\r\n \u003cli\u003e\u003ca href\u003d\"library.html\"\u003eLibrary\u003c/a\u003e\u003c/li\u003e\r\n \u003cli\u003e\u003ca href\u003d\"linkage.html\"\u003eLinkage\u003c/a\u003e\u003c/li\u003e\r\n \u003cli\u003e\u003ca href\u003d\"location.html\"\u003eLocation\u003c/a\u003e\u003c/li\u003e\r\n \u003cli\u003e\u003ca href\u003d\"manufactureditemdefinition.html\"\u003eManufacturedItemDefinition\u003c/a\u003e\u003c/li\u003e\r\n \u003cli\u003e\u003ca href\u003d\"measure.html\"\u003eMeasure\u003c/a\u003e\u003c/li\u003e\r\n \u003cli\u003e\u003ca href\u003d\"medication.html\"\u003eMedication\u003c/a\u003e\u003c/li\u003e\r\n \u003cli\u003e\u003ca href\u003d\"medicationknowledge.html\"\u003eMedicationKnowledge\u003c/a\u003e\u003c/li\u003e\r\n \u003cli\u003e\u003ca href\u003d\"medicinalproductdefinition.html\"\u003eMedicinalProductDefinition\u003c/a\u003e\u003c/li\u003e\r\n \u003cli\u003e\u003ca href\u003d\"messagedefinition.html\"\u003eMessageDefinition\u003c/a\u003e\u003c/li\u003e\r\n \u003cli\u003e\u003ca href\u003d\"messageheader.html\"\u003eMessageHeader\u003c/a\u003e\u003c/li\u003e\r\n \u003cli\u003e\u003ca href\u003d\"moleculardefinition.html\"\u003eMolecularDefinition\u003c/a\u003e\u003c/li\u003e\r\n \u003cli\u003e\u003ca href\u003d\"namingsystem.html\"\u003eNamingSystem\u003c/a\u003e\u003c/li\u003e\r\n \u003cli\u003e\u003ca href\u003d\"nutritionproduct.html\"\u003eNutritionProduct\u003c/a\u003e\u003c/li\u003e\r\n \u003cli\u003e\u003ca href\u003d\"observationdefinition.html\"\u003eObservationDefinition\u003c/a\u003e\u003c/li\u003e\r\n \u003cli\u003e\u003ca href\u003d\"operationdefinition.html\"\u003eOperationDefinition\u003c/a\u003e\u003c/li\u003e\r\n \u003cli\u003e\u003ca href\u003d\"operationoutcome.html\"\u003eOperationOutcome\u003c/a\u003e\u003c/li\u003e\r\n \u003cli\u003e\u003ca href\u003d\"organization.html\"\u003eOrganization\u003c/a\u003e\u003c/li\u003e\r\n \u003cli\u003e\u003ca href\u003d\"organizationaffiliation.html\"\u003eOrganizationAffiliation\u003c/a\u003e\u003c/li\u003e\r\n \u003cli\u003e\u003ca href\u003d\"packagedproductdefinition.html\"\u003ePackagedProductDefinition\u003c/a\u003e\u003c/li\u003e\r\n \u003cli\u003e\u003ca href\u003d\"paymentnotice.html\"\u003ePaymentNotice\u003c/a\u003e\u003c/li\u003e\r\n \u003cli\u003e\u003ca href\u003d\"paymentreconciliation.html\"\u003ePaymentReconciliation\u003c/a\u003e\u003c/li\u003e\r\n \u003cli\u003e\u003ca href\u003d\"permission.html\"\u003ePermission\u003c/a\u003e\u003c/li\u003e\r\n \u003cli\u003e\u003ca href\u003d\"plandefinition.html\"\u003ePlanDefinition\u003c/a\u003e\u003c/li\u003e\r\n \u003cli\u003e\u003ca href\u003d\"practitioner.html\"\u003ePractitioner\u003c/a\u003e\u003c/li\u003e\r\n \u003cli\u003e\u003ca href\u003d\"practitionerrole.html\"\u003ePractitionerRole\u003c/a\u003e\u003c/li\u003e\r\n \u003cli\u003e\u003ca href\u003d\"questionnaire.html\"\u003eQuestionnaire\u003c/a\u003e\u003c/li\u003e\r\n \u003cli\u003e\u003ca href\u003d\"regulatedauthorization.html\"\u003eRegulatedAuthorization\u003c/a\u003e\u003c/li\u003e\r\n \u003cli\u003e\u003ca href\u003d\"requirements.html\"\u003eRequirements\u003c/a\u003e\u003c/li\u003e\r\n \u003cli\u003e\u003ca href\u003d\"researchstudy.html\"\u003eResearchStudy\u003c/a\u003e\u003c/li\u003e\r\n \u003cli\u003e\u003ca href\u003d\"searchparameter.html\"\u003eSearchParameter\u003c/a\u003e\u003c/li\u003e\r\n \u003cli\u003e\u003ca href\u003d\"slot.html\"\u003eSlot\u003c/a\u003e\u003c/li\u003e\r\n \u003cli\u003e\u003ca href\u003d\"specimendefinition.html\"\u003eSpecimenDefinition\u003c/a\u003e\u003c/li\u003e\r\n \u003cli\u003e\u003ca href\u003d\"structuredefinition.html\"\u003eStructureDefinition\u003c/a\u003e\u003c/li\u003e\r\n \u003cli\u003e\u003ca href\u003d\"structuremap.html\"\u003eStructureMap\u003c/a\u003e\u003c/li\u003e\r\n \u003cli\u003e\u003ca href\u003d\"subscription.html\"\u003eSubscription\u003c/a\u003e\u003c/li\u003e\r\n \u003cli\u003e\u003ca href\u003d\"subscriptionstatus.html\"\u003eSubscriptionStatus\u003c/a\u003e\u003c/li\u003e\r\n \u003cli\u003e\u003ca href\u003d\"subscriptiontopic.html\"\u003eSubscriptionTopic\u003c/a\u003e\u003c/li\u003e\r\n \u003cli\u003e\u003ca href\u003d\"substance.html\"\u003eSubstance\u003c/a\u003e\u003c/li\u003e\r\n \u003cli\u003e\u003ca href\u003d\"substancedefinition.html\"\u003eSubstanceDefinition\u003c/a\u003e\u003c/li\u003e\r\n \u003cli\u003e\u003ca href\u003d\"substancenucleicacid.html\"\u003eSubstanceNucleicAcid\u003c/a\u003e\u003c/li\u003e\r\n \u003cli\u003e\u003ca href\u003d\"substancepolymer.html\"\u003eSubstancePolymer\u003c/a\u003e\u003c/li\u003e\r\n \u003cli\u003e\u003ca href\u003d\"substanceprotein.html\"\u003eSubstanceProtein\u003c/a\u003e\u003c/li\u003e\r\n \u003cli\u003e\u003ca href\u003d\"substancereferenceinformation.html\"\u003eSubstanceReferenceInformation\u003c/a\u003e\u003c/li\u003e\r\n \u003cli\u003e\u003ca href\u003d\"substancesourcematerial.html\"\u003eSubstanceSourceMaterial\u003c/a\u003e\u003c/li\u003e\r\n \u003cli\u003e\u003ca href\u003d\"terminologycapabilities.html\"\u003eTerminologyCapabilities\u003c/a\u003e\u003c/li\u003e\r\n \u003cli\u003e\u003ca href\u003d\"testplan.html\"\u003eTestPlan\u003c/a\u003e\u003c/li\u003e\r\n \u003cli\u003e\u003ca href\u003d\"testreport.html\"\u003eTestReport\u003c/a\u003e\u003c/li\u003e\r\n \u003cli\u003e\u003ca href\u003d\"testscript.html\"\u003eTestScript\u003c/a\u003e\u003c/li\u003e\r\n \u003cli\u003e\u003ca href\u003d\"transport.html\"\u003eTransport\u003c/a\u003e\u003c/li\u003e\r\n \u003cli\u003e\u003ca href\u003d\"valueset.html\"\u003eValueSet\u003c/a\u003e\u003c/li\u003e\r\n \u003cli\u003e\u003ca href\u003d\"verificationresult.html\"\u003eVerificationResult\u003c/a\u003e\u003c/li\u003e\r\n\u003c/ul\u003e\u003c/div\u003e"
  },
  "extension": [
    {
      "url": "http://hl7.org/fhir/StructureDefinition/structuredefinition-wg",
      "valueCode": "fhir"
    }
  ],
  "url": "http://hl7.org/fhir/CompartmentDefinition/patient",
  "version": "6.0.0-ballot3",
  "name": "Base FHIR compartment definition for Patient",
  "status": "draft",
  "experimental": false,
  "date": "2025-08-25T21:44:10+00:00",
  "publisher": "HL7 International / FHIR Infrastructure",
  "contact": [
    {
      "telecom": [
        {
          "system": "url",
          "value": "http://www.hl7.org/Special/committees/fiwg"
        }
      ]
    }
  ],
  "description": "There is an instance of the patient compartment for each patient resource, and the identity of the compartment is the same as the patient. When a patient is linked to another patient resource, the records associated with the linked patient resource will not be returned as part of the compartment search. Those records will be returned only with another compartment search using the \"id\" for the linked patient resource.\n \nIn cases where two patients have been merged rather than linked, associated resources should be moved to the target patient as part of the merge process, so the patient compartment for the target patient would include all relevant data, and the patient compartment for the source patient would include only the linked Patient and possibly remnant resources like AuditEvent.. The set of resources associated with a particular patient",
  "code": "Patient",
  "search": true,
  "resource": [
    {
      "code": "Account",
      "param": [
        "subject"
      ]
    },
    {
      "code": "ActivityDefinition"
    },
    {
      "code": "ActorDefinition"
    },
    {
      "code": "AdministrableProductDefinition"
    },
    {
      "code": "AdverseEvent",
      "param": [
        "subject"
      ]
    },
    {
      "code": "AllergyIntolerance",
      "param": [
        "patient",
        "asserter"
      ]
    },
    {
      "code": "Appointment",
      "param": [
        "actor"
      ]
    },
    {
      "code": "AppointmentResponse",
      "param": [
        "actor"
      ]
    },
    {
      "code": "ArtifactAssessment"
    },
    {
      "code": "AuditEvent",
      "param": [
        "patient"
      ]
    },
    {
      "code": "Basic",
      "param": [
        "patient",
        "author"
      ]
    },
    {
      "code": "Binary"
    },
    {
      "code": "BiologicallyDerivedProduct"
    },
    {
      "code": "BiologicallyDerivedProductDispense",
      "param": [
        "patient",
        "subject"
      ]
    },
    {
      "code": "BodyStructure",
      "param": [
        "patient"
      ]
    },
    {
      "code": "Bundle"
    },
    {
      "code": "CapabilityStatement"
    },
    {
      "code": "CarePlan",
      "param": [
        "patient"
      ]
    },
    {
      "code": "CareTeam",
      "param": [
        "patient",
        "participant"
      ]
    },
    {
      "code": "ChargeItem",
      "param": [
        "subject"
      ]
    },
    {
      "code": "ChargeItemDefinition"
    },
    {
      "code": "Citation"
    },
    {
      "code": "Claim",
      "param": [
        "patient",
        "payee"
      ]
    },
    {
      "code": "ClaimResponse",
      "param": [
        "patient"
      ]
    },
    {
      "code": "ClinicalAssessment",
      "param": [
        "subject"
      ]
    },
    {
      "code": "ClinicalUseDefinition"
    },
    {
      "code": "CodeSystem"
    },
    {
      "code": "Communication",
      "param": [
        "subject",
        "sender",
        "recipient"
      ]
    },
    {
      "code": "CommunicationRequest",
      "param": [
        "subject",
        "information-provider",
        "recipient",
        "requester"
      ]
    },
    {
      "code": "CompartmentDefinition"
    },
    {
      "code": "Composition",
      "param": [
        "subject",
        "author",
        "attester"
      ]
    },
    {
      "code": "ConceptMap"
    },
    {
      "code": "Condition",
      "param": [
        "patient",
        "asserter"
      ]
    },
    {
      "code": "ConditionDefinition"
    },
    {
      "code": "Consent",
      "param": [
        "subject"
      ]
    },
    {
      "code": "Contract",
      "param": [
        "patient"
      ]
    },
    {
      "code": "Coverage",
      "param": [
        "policy-holder",
        "subscriber",
        "beneficiary",
        "paymentby-party"
      ]
    },
    {
      "code": "CoverageEligibilityRequest",
      "param": [
        "patient"
      ]
    },
    {
      "code": "CoverageEligibilityResponse",
      "param": [
        "patient"
      ]
    },
    {
      "code": "DetectedIssue",
      "param": [
        "patient"
      ]
    },
    {
      "code": "Device"
    },
    {
      "code": "DeviceAlert",
      "param": [
        "subject"
      ]
    },
    {
      "code": "DeviceAssociation",
      "param": [
        "subject",
        "operator"
      ]
    },
    {
      "code": "DeviceDefinition"
    },
    {
      "code": "DeviceDispense",
      "param": [
        "patient",
        "subject"
      ]
    },
    {
      "code": "DeviceMetric"
    },
    {
      "code": "DeviceRequest",
      "param": [
        "subject",
        "performer"
      ]
    },
    {
      "code": "DeviceUsage",
      "param": [
        "patient",
        "subject"
      ]
    },
    {
      "code": "DiagnosticReport",
      "param": [
        "subject"
      ]
    },
    {
      "code": "DocumentReference",
      "param": [
        "subject",
        "author"
      ]
    },
    {
      "code": "Encounter",
      "param": [
        "patient"
      ]
    },
    {
      "code": "EncounterHistory",
      "param": [
        "patient"
      ]
    },
    {
      "code": "Endpoint"
    },
    {
      "code": "EnrollmentRequest",
      "param": [
        "subject"
      ]
    },
    {
      "code": "EnrollmentResponse"
    },
    {
      "code": "EpisodeOfCare",
      "param": [
        "subject"
      ]
    },
    {
      "code": "EventDefinition"
    },
    {
      "code": "Evidence"
    },
    {
      "code": "EvidenceVariable"
    },
    {
      "code": "ExampleScenario"
    },
    {
      "code": "ExplanationOfBenefit",
      "param": [
        "patient",
        "payee"
      ]
    },
    {
      "code": "FamilyMemberHistory",
      "param": [
        "patient"
      ]
    },
    {
      "code": "Flag",
      "param": [
        "patient"
      ]
    },
    {
      "code": "FormularyItem"
    },
    {
      "code": "GenomicStudy",
      "param": [
        "patient"
      ]
    },
    {
      "code": "Goal",
      "param": [
        "patient"
      ]
    },
    {
      "code": "GraphDefinition"
    },
    {
      "code": "Group",
      "param": [
        "member"
      ]
    },
    {
      "code": "GuidanceResponse",
      "param": [
        "patient"
      ]
    },
    {
      "code": "HealthcareService"
    },
    {
      "code": "ImagingSelection",
      "param": [
        "patient"
      ]
    },
    {
      "code": "ImagingStudy",
      "param": [
        "patient"
      ]
    },
    {
      "code": "Immunization",
      "param": [
        "patient"
      ]
    },
    {
      "code": "ImmunizationEvaluation",
      "param": [
        "patient"
      ]
    },
    {
      "code": "ImmunizationRecommendation",
      "param": [
        "patient"
      ]
    },
    {
      "code": "ImplementationGuide"
    },
    {
      "code": "Ingredient"
    },
    {
      "code": "InsurancePlan"
    },
    {
      "code": "InsuranceProduct"
    },
    {
      "code": "InventoryItem"
    },
    {
      "code": "InventoryReport"
    },
    {
      "code": "Invoice",
      "param": [
        "subject",
        "patient",
        "recipient"
      ]
    },
    {
      "code": "Library"
    },
    {
      "code": "Linkage"
    },
    {
      "code": "List",
      "param": [
        "subject",
        "source"
      ]
    },
    {
      "code": "Location"
    },
    {
      "code": "ManufacturedItemDefinition"
    },
    {
      "code": "Measure"
    },
    {
      "code": "MeasureReport",
      "param": [
        "patient"
      ]
    },
    {
      "code": "Medication"
    },
    {
      "code": "MedicationAdministration",
      "param": [
        "patient",
        "subject"
      ]
    },
    {
      "code": "MedicationDispense",
      "param": [
        "subject",
        "patient",
        "receiver"
      ]
    },
    {
      "code": "MedicationKnowledge"
    },
    {
      "code": "MedicationRequest",
      "param": [
        "subject"
      ]
    },
    {
      "code": "MedicationStatement",
      "param": [
        "subject"
      ]
    },
    {
      "code": "MedicinalProductDefinition"
    },
    {
      "code": "MessageDefinition"
    },
    {
      "code": "MessageHeader"
    },
    {
      "code": "MolecularDefinition"
    },
    {
      "code": "NamingSystem"
    },
    {
      "code": "NutritionIntake",
      "param": [
        "subject",
        "source"
      ]
    },
    {
      "code": "NutritionOrder",
      "param": [
        "patient"
      ]
    },
    {
      "code": "NutritionProduct"
    },
    {
      "code": "Observation",
      "param": [
        "subject",
        "performer"
      ]
    },
    {
      "code": "ObservationDefinition"
    },
    {
      "code": "OperationDefinition"
    },
    {
      "code": "OperationOutcome"
    },
    {
      "code": "Organization"
    },
    {
      "code": "OrganizationAffiliation"
    },
    {
      "code": "PackagedProductDefinition"
    },
    {
      "code": "Patient",
      "param": [
        "{def}",
        "link"
      ]
    },
    {
      "code": "PaymentNotice"
    },
    {
      "code": "PaymentReconciliation"
    },
    {
      "code": "Permission"
    },
    {
      "code": "Person",
      "param": [
        "patient"
      ]
    },
    {
      "code": "PersonalRelationship",
      "param": [
        "source",
        "target"
      ]
    },
    {
      "code": "PlanDefinition"
    },
    {
      "code": "Practitioner"
    },
    {
      "code": "PractitionerRole"
    },
    {
      "code": "Procedure",
      "param": [
        "patient",
        "performer"
      ]
    },
    {
      "code": "Provenance",
      "param": [
        "patient"
      ]
    },
    {
      "code": "Questionnaire"
    },
    {
      "code": "QuestionnaireResponse",
      "param": [
        "subject",
        "author"
      ]
    },
    {
      "code": "RegulatedAuthorization"
    },
    {
      "code": "RelatedPerson",
      "param": [
        "patient"
      ]
    },
    {
      "code": "RequestOrchestration",
      "param": [
        "subject",
        "participant"
      ]
    },
    {
      "code": "Requirements"
    },
    {
      "code": "ResearchStudy"
    },
    {
      "code": "ResearchSubject",
      "param": [
        "subject"
      ]
    },
    {
      "code": "RiskAssessment",
      "param": [
        "subject"
      ]
    },
    {
      "code": "Schedule",
      "param": [
        "actor"
      ]
    },
    {
      "code": "SearchParameter"
    },
    {
      "code": "ServiceRequest",
      "param": [
        "subject",
        "performer"
      ]
    },
    {
      "code": "Slot"
    },
    {
      "code": "Specimen",
      "param": [
        "subject"
      ]
    },
    {
      "code": "SpecimenDefinition"
    },
    {
      "code": "StructureDefinition"
    },
    {
      "code": "StructureMap"
    },
    {
      "code": "Subscription"
    },
    {
      "code": "SubscriptionStatus"
    },
    {
      "code": "SubscriptionTopic"
    },
    {
      "code": "Substance"
    },
    {
      "code": "SubstanceDefinition"
    },
    {
      "code": "SubstanceNucleicAcid"
    },
    {
      "code": "SubstancePolymer"
    },
    {
      "code": "SubstanceProtein"
    },
    {
      "code": "SubstanceReferenceInformation"
    },
    {
      "code": "SubstanceSourceMaterial"
    },
    {
      "code": "SupplyDelivery",
      "param": [
        "patient",
        "subject"
      ]
    },
    {
      "code": "SupplyRequest",
      "param": [
        "subject"
      ]
    },
    {
      "code": "Task",
      "param": [
        "patient",
        "focus"
      ]
    },
    {
      "code": "TerminologyCapabilities"
    },
    {
      "code": "TestPlan"
    },
    {
      "code": "TestReport"
    },
    {
      "code": "TestScript"
    },
    {
      "code": "Transport"
    },
    {
      "code": "ValueSet"
    },
    {
      "code": "VerificationResult"
    },
    {
      "code": "VisionPrescription",
      "param": [
        "patient"
      ]
    }
  ]
}