{
  "resourceType": "ConceptMap",
  "id": "101",
  "text": {
    "status": "generated",
    "div": "\u003cdiv xmlns\u003d\"http://www.w3.org/1999/xhtml\"\u003e\n      \u003cp class\u003d\"res-header-id\"\u003e\n        \u003cb\u003eGenerated Narrative: ConceptMap 101\u003c/b\u003e\n      \u003c/p\u003e\n      \u003ca name\u003d\"101\"\u003e \u003c/a\u003e\n      \u003ca name\u003d\"hc101\"\u003e \u003c/a\u003e\n      \u003cp\u003eMapping from \n        \u003ca href\u003d\"valueset-address-use.html\"\u003eAddressUse\u003c/a\u003e to \n        \u003ca href\u003d\"http://terminology.hl7.org/6.5.0/ValueSet-v3-AddressUse.html\"\u003eAddressUse\u003c/a\u003e\n      \u003c/p\u003e\n      \u003cbr/\u003e\n      \u003cp\u003e\n        \u003cb\u003eGroup 1 \u003c/b\u003eMapping from \n        \u003ca href\u003d\"codesystem-address-use.html\"\u003eAddressUse\u003c/a\u003e to \n        \u003ca href\u003d\"http://terminology.hl7.org/6.5.0/CodeSystem-v3-AddressUse.html\"\u003eAddressUse\u003c/a\u003e\n      \u003c/p\u003e\n      \u003ctable class\u003d\"grid\"\u003e\n        \u003ctr\u003e\n          \u003ctd\u003e\n            \u003cb\u003eSource Code\u003c/b\u003e\n          \u003c/td\u003e\n          \u003ctd\u003e\n            \u003cb\u003eRelationship\u003c/b\u003e\n          \u003c/td\u003e\n          \u003ctd\u003e\n            \u003cb\u003eTarget Code\u003c/b\u003e\n          \u003c/td\u003e\n          \u003ctd\u003e\n            \u003cb\u003eComment\u003c/b\u003e\n          \u003c/td\u003e\n        \u003c/tr\u003e\n        \u003ctr\u003e\n          \u003ctd\u003ehome\u003c/td\u003e\n          \u003ctd\u003e\n            \u003ca href\u003d\"codesystem-concept-map-relationship.html#equivalent\" title\u003d\"equivalent\"\u003eis equivalent to\u003c/a\u003e\n          \u003c/td\u003e\n          \u003ctd\u003eH (home address)\u003c/td\u003e\n          \u003ctd/\u003e\n        \u003c/tr\u003e\n        \u003ctr\u003e\n          \u003ctd\u003ework\u003c/td\u003e\n          \u003ctd\u003e\n            \u003ca href\u003d\"codesystem-concept-map-relationship.html#equivalent\" title\u003d\"equivalent\"\u003eis equivalent to\u003c/a\u003e\n          \u003c/td\u003e\n          \u003ctd\u003eWP (work place)\u003c/td\u003e\n          \u003ctd/\u003e\n        \u003c/tr\u003e\n        \u003ctr\u003e\n          \u003ctd\u003etemp (Temporary)\u003c/td\u003e\n          \u003ctd\u003e\n            \u003ca href\u003d\"codesystem-concept-map-relationship.html#equivalent\" title\u003d\"equivalent\"\u003eis equivalent to\u003c/a\u003e\n          \u003c/td\u003e\n          \u003ctd\u003eTMP (temporary address)\u003c/td\u003e\n          \u003ctd/\u003e\n        \u003c/tr\u003e\n        \u003ctr\u003e\n          \u003ctd\u003eold (Old / Incorrect)\u003c/td\u003e\n          \u003ctd\u003e\n            \u003ca href\u003d\"codesystem-concept-map-relationship.html#not-related-to\" title\u003d\"not-related-to\"\u003eis not related to\u003c/a\u003e\n          \u003c/td\u003e\n          \u003ctd\u003eBAD (bad address)\u003c/td\u003e\n          \u003ctd\u003eIn the HL7 v3 AD, old is handled by the usablePeriod element, but you have to provide a time, there\u0027s no simple equivalent of flagging an address as old\u003c/td\u003e\n        \u003c/tr\u003e\n      \u003c/table\u003e\n    \u003c/div\u003e"
  },
  "extension": [
    {
      "url": "http://hl7.org/fhir/StructureDefinition/structuredefinition-wg",
      "valueCode": "vocab"
    }
  ],
  "url": "http://hl7.org/fhir/ConceptMap/101",
  "identifier": [
    {
      "system": "urn:ietf:rfc:3986",
      "value": "urn:oid:2.16.840.1.113883.4.642.14.1"
    },
    {
      "system": "urn:ietf:rfc:3986",
      "value": "urn:uuid:53cd62ee-033e-414c-9f58-3ca97b5ffc3b"
    }
  ],
  "version": "6.0.0-ballot3",
  "name": "FHIRv3AddressUse",
  "title": "FHIR/v3 Address Use Mapping",
  "status": "draft",
  "experimental": true,
  "date": "2012-06-13",
  "publisher": "HL7 International / Terminology Infrastructure",
  "contact": [
    {
      "telecom": [
        {
          "system": "url",
          "value": "http://www.hl7.org/Special/committees/Vocab"
        }
      ]
    }
  ],
  "description": "A mapping between the FHIR and HL7 v3 AddressUse Code systems",
  "useContext": [
    {
      "code": {
        "system": "http://terminology.hl7.org/CodeSystem/usage-context-type",
        "code": "venue"
      },
      "valueCodeableConcept": {
        "text": "for CCDA Usage"
      }
    }
  ],
  "jurisdiction": [
    {
      "coding": [
        {
          "system": "urn:iso:std:iso:3166",
          "code": "US"
        }
      ]
    }
  ],
  "purpose": "To help implementers map from FHIR to HL7 v3/CDA",
  "copyright": "Creative Commons 0",
  "sourceScopeUri": "http://hl7.org/fhir/ValueSet/address-use",
  "targetScopeUri": "http://terminology.hl7.org/ValueSet/v3-AddressUse",
  "group": [
    {
      "source": "http://hl7.org/fhir/address-use",
      "target": "http://terminology.hl7.org/CodeSystem/v3-AddressUse",
      "element": [
        {
          "code": "home",
          "display": "Home",
          "target": [
            {
              "code": "H",
              "display": "home address",
              "relationship": "equivalent"
            }
          ]
        },
        {
          "code": "work",
          "display": "Work",
          "target": [
            {
              "code": "WP",
              "display": "work place",
              "relationship": "equivalent"
            }
          ]
        },
        {
          "code": "temp",
          "display": "Temporary",
          "target": [
            {
              "code": "TMP",
              "display": "temporary address",
              "relationship": "equivalent"
            }
          ]
        },
        {
          "code": "old",
          "display": "Old / Incorrect",
          "target": [
            {
              "code": "BAD",
              "display": "bad address",
              "relationship": "not-related-to",
              "comment": "In the HL7 v3 AD, old is handled by the usablePeriod element, but you have to provide a time, there\u0027s no simple equivalent of flagging an address as old"
            }
          ]
        }
      ],
      "unmapped": {
        "mode": "fixed",
        "code": "temp",
        "display": "temp",
        "relationship": "related-to"
      }
    }
  ]
}