{
  "resourceType": "ConceptMap",
  "id": "example-metadata",
  "meta": {
    "profile": [
      "http://hl7.org/fhir/StructureDefinition/shareableconceptmap"
    ]
  },
  "text": {
    "status": "generated",
    "div": "\u003cdiv xmlns\u003d\"http://www.w3.org/1999/xhtml\"\u003e\n      \u003cp class\u003d\"res-header-id\"\u003e\n        \u003cb\u003eGenerated Narrative: ConceptMap example-metadata\u003c/b\u003e\n      \u003c/p\u003e\n      \u003ca name\u003d\"example-metadata\"\u003e \u003c/a\u003e\n      \u003ca name\u003d\"hcexample-metadata\"\u003e \u003c/a\u003e\n      \u003cdiv style\u003d\"display: inline-block; background-color: #d9e0e7; padding: 6px; margin: 4px; border: 1px solid #8da1b4; border-radius: 5px; line-height: 60%\"\u003e\n        \u003cp style\u003d\"margin-bottom: 0px\"/\u003e\n        \u003cp style\u003d\"margin-bottom: 0px\"\u003eProfile: \n          \u003ca href\u003d\"shareableconceptmap.html\"\u003eShareable ConceptMap\u003c/a\u003e\n        \u003c/p\u003e\n      \u003c/div\u003e\n      \u003cp\u003eMapping from \n        \u003ca href\u003d\"valueset-address-use.html\"\u003eAddressUse\u003c/a\u003e to \n        \u003ca href\u003d\"http://terminology.hl7.org/6.5.0/ValueSet-v3-AddressUse.html\"\u003eAddressUse\u003c/a\u003e\n      \u003c/p\u003e\n      \u003cbr/\u003e\n      \u003cp\u003e\n        \u003cb\u003eGroup 1 \u003c/b\u003eMapping from \n        \u003ca href\u003d\"codesystem-address-use.html\"\u003eAddressUse\u003c/a\u003e to \n        \u003ca href\u003d\"http://terminology.hl7.org/6.5.0/CodeSystem-v3-AddressUse.html\"\u003eAddressUse\u003c/a\u003e\n      \u003c/p\u003e\n      \u003ctable class\u003d\"grid\"\u003e\n        \u003ctr\u003e\n          \u003ctd\u003e\n            \u003cb\u003eSource Code\u003c/b\u003e\n          \u003c/td\u003e\n          \u003ctd\u003e\n            \u003cb\u003eRelationship\u003c/b\u003e\n          \u003c/td\u003e\n          \u003ctd\u003e\n            \u003cb\u003eTarget Code\u003c/b\u003e\n          \u003c/td\u003e\n          \u003ctd\u003e\n            \u003cb\u003eComment\u003c/b\u003e\n          \u003c/td\u003e\n        \u003c/tr\u003e\n        \u003ctr\u003e\n          \u003ctd\u003ehome\u003c/td\u003e\n          \u003ctd\u003e\n            \u003ca href\u003d\"codesystem-concept-map-relationship.html#equivalent\" title\u003d\"equivalent\"\u003eis equivalent to\u003c/a\u003e\n          \u003c/td\u003e\n          \u003ctd\u003eH (home address)\u003c/td\u003e\n          \u003ctd/\u003e\n        \u003c/tr\u003e\n        \u003ctr\u003e\n          \u003ctd\u003ework\u003c/td\u003e\n          \u003ctd\u003e\n            \u003ca href\u003d\"codesystem-concept-map-relationship.html#equivalent\" title\u003d\"equivalent\"\u003eis equivalent to\u003c/a\u003e\n          \u003c/td\u003e\n          \u003ctd\u003eWP (work place)\u003c/td\u003e\n          \u003ctd/\u003e\n        \u003c/tr\u003e\n        \u003ctr\u003e\n          \u003ctd\u003etemp (Temporary)\u003c/td\u003e\n          \u003ctd\u003e\n            \u003ca href\u003d\"codesystem-concept-map-relationship.html#equivalent\" title\u003d\"equivalent\"\u003eis equivalent to\u003c/a\u003e\n          \u003c/td\u003e\n          \u003ctd\u003eTMP (temporary address)\u003c/td\u003e\n          \u003ctd/\u003e\n        \u003c/tr\u003e\n        \u003ctr\u003e\n          \u003ctd\u003eold (Old / Incorrect)\u003c/td\u003e\n          \u003ctd\u003e\n            \u003ca href\u003d\"codesystem-concept-map-relationship.html#not-related-to\" title\u003d\"not-related-to\"\u003eis not related to\u003c/a\u003e\n          \u003c/td\u003e\n          \u003ctd\u003eBAD (bad address)\u003c/td\u003e\n          \u003ctd\u003eIn the HL7 v3 AD, old is handled by the usablePeriod element, but you have to provide a time, there\u0027s no simple equivalent of flagging an address as old\u003c/td\u003e\n        \u003c/tr\u003e\n      \u003c/table\u003e\n    \u003c/div\u003e"
  },
  "extension": [
    {
      "url": "http://hl7.org/fhir/StructureDefinition/structuredefinition-wg",
      "valueCode": "vocab"
    }
  ],
  "url": "http://hl7.org/fhir/ConceptMap/example-metadata",
  "identifier": [
    {
      "system": "urn:ietf:rfc:3986",
      "value": "urn:oid:2.16.840.1.113883.4.642.14.5"
    }
  ],
  "version": "6.0.0-ballot3",
  "name": "ExampleMetadata",
  "title": "Metadata Example",
  "status": "draft",
  "experimental": true,
  "date": "2021-07-21",
  "publisher": "HL7 International / Terminology Infrastructure",
  "contact": [
    {
      "telecom": [
        {
          "system": "url",
          "value": "http://www.hl7.org/Special/committees/Vocab"
        }
      ]
    }
  ],
  "description": "This is an example concept map that illustrates usage of the metadata resource elements introduced in R5",
  "approvalDate": "2021-07-21",
  "lastReviewDate": "2022-07-21",
  "effectivePeriod": {
    "start": "2021-08-01",
    "end": "2022-07-31"
  },
  "topic": [
    {
      "coding": [
        {
          "system": "http://terminology.hl7.org/CodeSystem/definition-topic",
          "code": "treatment",
          "display": "Treatment"
        }
      ]
    }
  ],
  "author": [
    {
      "name": "ACME ConceptMap Development",
      "telecom": [
        {
          "system": "url",
          "value": "http://acme.org/development"
        }
      ]
    }
  ],
  "editor": [
    {
      "name": "ACME ConceptMap Management",
      "telecom": [
        {
          "system": "url",
          "value": "http://acme.org/management"
        }
      ]
    }
  ],
  "reviewer": [
    {
      "name": "Society for Creative ConceptMap Review",
      "telecom": [
        {
          "system": "url",
          "value": "http://example.org/sccr"
        }
      ]
    }
  ],
  "endorser": [
    {
      "name": "National Foundation for ConceptMap Quality",
      "telecom": [
        {
          "system": "url",
          "value": "http://example.org/nfcq"
        }
      ]
    }
  ],
  "relatedArtifact": [
    {
      "type": "derived-from",
      "resource": "http://hl7.org/fhir/ConceptMap/example"
    }
  ],
  "sourceScopeUri": "http://hl7.org/fhir/ValueSet/address-use",
  "targetScopeUri": "http://terminology.hl7.org/ValueSet/v3-AddressUse",
  "group": [
    {
      "source": "http://hl7.org/fhir/address-use",
      "target": "http://terminology.hl7.org/CodeSystem/v3-AddressUse",
      "element": [
        {
          "code": "home",
          "display": "Home",
          "target": [
            {
              "code": "H",
              "display": "home address",
              "relationship": "equivalent"
            }
          ]
        },
        {
          "code": "work",
          "display": "Work",
          "target": [
            {
              "code": "WP",
              "display": "work place",
              "relationship": "equivalent"
            }
          ]
        },
        {
          "code": "temp",
          "display": "Temporary",
          "target": [
            {
              "code": "TMP",
              "display": "temporary address",
              "relationship": "equivalent"
            }
          ]
        },
        {
          "code": "old",
          "display": "Old / Incorrect",
          "target": [
            {
              "code": "BAD",
              "display": "bad address",
              "relationship": "not-related-to",
              "comment": "In the HL7 v3 AD, old is handled by the usablePeriod element, but you have to provide a time, there\u0027s no simple equivalent of flagging an address as old"
            }
          ]
        }
      ],
      "unmapped": {
        "mode": "fixed",
        "code": "temp",
        "display": "temp",
        "relationship": "related-to"
      }
    }
  ]
}