{
  "resourceType": "Bundle",
  "id": "f202",
  "type": "collection",
  "entry": [
    {
      "fullUrl": "https://example.com/base/DiagnosticReport/f202",
      "resource": {
        "resourceType": "DiagnosticReport",
        "id": "f202",
        "text": {
          "status": "generated",
          "div": "\u003cdiv xmlns\u003d\"http://www.w3.org/1999/xhtml\"\u003e\u003cp class\u003d\"res-header-id\"\u003e\u003cb\u003eGenerated Narrative: DiagnosticReport f202\u003c/b\u003e\u003c/p\u003e\u003ca name\u003d\"f202\"\u003e \u003c/a\u003e\u003ca name\u003d\"hcf202\"\u003e \u003c/a\u003e\u003ch2\u003e\u003cspan title\u003d\"Codes:{http://snomed.info/sct 104177005}\"\u003eBlood culture for bacteria, including anaerobic screen\u003c/span\u003e (\u003cspan title\u003d\"Codes:{http://snomed.info/sct 15220000}, {http://terminology.hl7.org/CodeSystem/v2-0074 LAB}\"\u003eLaboratory test\u003c/span\u003e) \u003c/h2\u003e\u003ctable class\u003d\"grid\"\u003e\u003ctr\u003e\u003ctd\u003eSubject\u003c/td\u003e\u003ctd\u003eRoel(official) Male, DoB: 1960-03-13 ( BSN: 123456789 (use: official, ))\u003c/td\u003e\u003c/tr\u003e\u003ctr\u003e\u003ctd\u003eReported\u003c/td\u003e\u003ctd\u003e2013-03-11T10:28:00+01:00\u003c/td\u003e\u003c/tr\u003e\u003ctr\u003e\u003ctd\u003ePerformer\u003c/td\u003e\u003ctd\u003e \u003ca href\u003d\"organization-example-f201-aumc.html\"\u003eAUMC\u003c/a\u003e\u003c/td\u003e\u003c/tr\u003e\u003c/table\u003e\u003cp\u003e\u003cb\u003eReport Details\u003c/b\u003e\u003c/p\u003e\u003ctable class\u003d\"grid\"\u003e\u003ctr\u003e\u003ctd\u003e\u003cb\u003eCode\u003c/b\u003e\u003c/td\u003e\u003ctd\u003e\u003cb\u003eValue\u003c/b\u003e\u003c/td\u003e\u003ctd\u003e\u003cb\u003eFlags\u003c/b\u003e\u003c/td\u003e\u003c/tr\u003e\u003ctr\u003e\u003ctd\u003e\u003ca href\u003d\"observation-example-f206-staphylococcus.html\"\u003e\u003cspan title\u003d\"Codes:{http://acmelabs.org 104177}, {http://loinc.org 600-7}\"\u003eBlood culture\u003c/span\u003e\u003c/a\u003e\u003c/td\u003e\u003ctd\u003e\u003cspan title\u003d\"Codes:{http://snomed.info/sct 3092008}\"\u003eStaphylococcus aureus\u003c/span\u003e\u003c/td\u003e\u003ctd\u003eFinal, \u003cspan title\u003d\"Codes:{http://terminology.hl7.org/CodeSystem/v3-ObservationInterpretation POS}\"\u003ePositive\u003c/span\u003e\u003c/td\u003e\u003c/tr\u003e\u003c/table\u003e\u003cdiv\u003e\u003cp\u003eBlood culture tested positive on staphylococcus aureus\u003c/p\u003e\n\u003c/div\u003e\u003cp\u003e\u003cb\u003eCoded Conclusions:\u003c/b\u003e\u003c/p\u003e\u003cul\u003e\u003cli/\u003e\u003c/ul\u003e\u003c/div\u003e"
        },
        "basedOn": [
          {
            "reference": "ServiceRequest/req"
          }
        ],
        "status": "final",
        "category": [
          {
            "coding": [
              {
                "system": "http://snomed.info/sct",
                "code": "15220000",
                "display": "Laboratory test"
              },
              {
                "system": "http://terminology.hl7.org/CodeSystem/v2-0074",
                "code": "LAB"
              }
            ]
          }
        ],
        "code": {
          "coding": [
            {
              "system": "http://snomed.info/sct",
              "code": "104177005",
              "display": "Blood culture for bacteria, including anaerobic screen"
            }
          ]
        },
        "subject": {
          "reference": "Patient/f201",
          "display": "Roel"
        },
        "issued": "2013-03-11T10:28:00+01:00",
        "performer": [
          {
            "reference": "Organization/f201",
            "display": "AUMC"
          }
        ],
        "result": [
          {
            "reference": "Observation/f206",
            "display": "Results for staphylococcus analysis on Roel\u0027s blood culture"
          }
        ],
        "conclusion": "Blood culture tested positive on staphylococcus aureus",
        "conclusionCode": [
          null
        ]
      }
    },
    {
      "fullUrl": "https://example.com/base/ServiceRequest/req",
      "resource": {
        "resourceType": "ServiceRequest",
        "id": "req",
        "text": {
          "status": "generated",
          "div": "\u003cdiv xmlns\u003d\"http://www.w3.org/1999/xhtml\"\u003e\u003cp class\u003d\"res-header-id\"\u003e\u003cb\u003eGenerated Narrative: ServiceRequest req\u003c/b\u003e\u003c/p\u003e\u003ca name\u003d\"req\"\u003e \u003c/a\u003e\u003ca name\u003d\"hcreq\"\u003e \u003c/a\u003e\u003cp\u003e\u003cb\u003estatus\u003c/b\u003e: Active\u003c/p\u003e\u003cp\u003e\u003cb\u003eintent\u003c/b\u003e: Original Order\u003c/p\u003e\u003ch3\u003eCodes\u003c/h3\u003e\u003ctable class\u003d\"grid\"\u003e\u003ctr\u003e\u003ctd style\u003d\"display: none\"\u003e-\u003c/td\u003e\u003ctd\u003e\u003cb\u003eConcept\u003c/b\u003e\u003c/td\u003e\u003c/tr\u003e\u003ctr\u003e\u003ctd style\u003d\"display: none\"\u003e*\u003c/td\u003e\u003ctd\u003e\u003cspan title\u003d\"Codes:{http://snomed.info/sct 104177005}\"\u003eBlood culture for bacteria, including anaerobic screen\u003c/span\u003e\u003c/td\u003e\u003c/tr\u003e\u003c/table\u003e\u003cp\u003e\u003cb\u003esubject\u003c/b\u003e: \u003ca href\u003d\"patient-example-f201-roel.html\"\u003eRoel\u003c/a\u003e\u003c/p\u003e\u003cp\u003e\u003cb\u003eencounter\u003c/b\u003e: \u003ca href\u003d\"encounter-example-f203-20130311.html\"\u003eRoel\u0027s encounter on March elevanth 2013\u003c/a\u003e\u003c/p\u003e\u003cp\u003e\u003cb\u003erequester\u003c/b\u003e: \u003ca href\u003d\"practitioner-example-f201-ab.html\"\u003eDokter Bronsig\u003c/a\u003e\u003c/p\u003e\u003c/div\u003e"
        },
        "status": "active",
        "intent": "original-order",
        "code": {
          "concept": {
            "coding": [
              {
                "system": "http://snomed.info/sct",
                "code": "104177005",
                "display": "Blood culture for bacteria, including anaerobic screen"
              }
            ]
          }
        },
        "subject": {
          "reference": "Patient/f201",
          "display": "Roel"
        },
        "encounter": {
          "reference": "Encounter/f203",
          "display": "Roel\u0027s encounter on March elevanth 2013"
        },
        "requester": {
          "reference": "Practitioner/f201",
          "display": "Dokter Bronsig"
        }
      }
    }
  ],
  "meta": {
    "tag": [
      {
        "system": "http://terminology.hl7.org/CodeSystem/v3-ActReason",
        "code": "HTEST",
        "display": "test health data"
      }
    ]
  }
}