{
  "resourceType": "EvidenceVariable",
  "id": "example-dead-or-dependent-90day",
  "text": {
    "status": "generated",
    "div": "\u003cdiv xmlns\u003d\"http://www.w3.org/1999/xhtml\"\u003e\n      \n      \u003cp\u003e\n        \u0026quot;Dead or functionally dependent at 90 days\u0026quot; is an outcome used in expressing what an Evidence is about.\n      \u003c/p\u003e\n\t\n    \u003c/div\u003e"
  },
  "contained": [
    {
      "resourceType": "Group",
      "id": "Definition-Group",
      "title": "VariableDefinition: Alive and not functionally dependent at 90 days",
      "type": "person",
      "membership": "definitional",
      "combinationMethod": "any-of",
      "characteristic": [
        {
          "code": {
            "coding": [
              {
                "system": "http://snomed.info/sct",
                "code": "260905004",
                "display": "Condition"
              }
            ]
          },
          "valueCodeableConcept": {
            "coding": [
              {
                "system": "http://snomed.info/sct",
                "code": "419099009",
                "display": "Dead (finding)"
              }
            ]
          },
          "exclude": false,
          "description": "dead at 90 days",
          "timing": [
            {
              "contextCode": {
                "coding": [
                  {
                    "system": "http://hl7.org/fhir/evidence-variable-event",
                    "code": "study-start",
                    "display": "Study Start"
                  }
                ]
              },
              "offsetDuration": {
                "value": 90,
                "unit": "days",
                "system": "http://unitsofmeasure.org",
                "code": "d"
              }
            }
          ]
        },
        {
          "code": {
            "coding": [
              {
                "system": "http://snomed.info/sct",
                "code": "260905004",
                "display": "Condition"
              }
            ]
          },
          "valueCodeableConcept": {
            "coding": [
              {
                "system": "http://snomed.info/sct",
                "code": "718705001",
                "display": "Functionally dependent (finding)"
              }
            ]
          },
          "exclude": false,
          "description": "functionally dependent at 90 days",
          "timing": [
            {
              "contextCode": {
                "coding": [
                  {
                    "system": "http://hl7.org/fhir/evidence-variable-event",
                    "code": "study-start",
                    "display": "Study Start"
                  }
                ]
              },
              "offsetDuration": {
                "value": 90,
                "unit": "days",
                "system": "http://unitsofmeasure.org",
                "code": "d"
              }
            }
          ]
        }
      ]
    }
  ],
  "extension": [
    {
      "url": "http://hl7.org/fhir/StructureDefinition/structuredefinition-wg",
      "valueCode": "cds"
    }
  ],
  "name": "DeadOrFunctionallyDependentAt90Days",
  "title": "Dead or functionally dependent at 90 days",
  "status": "draft",
  "publisher": "HL7 International / Clinical Decision Support",
  "contact": [
    {
      "telecom": [
        {
          "system": "url",
          "value": "http://www.hl7.org/Special/committees/dss"
        }
      ]
    }
  ],
  "description": "Dead or functionally dependent at 90 days",
  "actual": false,
  "definition": {
    "reference": {
      "reference": "#Definition-Group"
    }
  },
  "meta": {
    "tag": [
      {
        "system": "http://terminology.hl7.org/CodeSystem/v3-ActReason",
        "code": "HTEST",
        "display": "test health data"
      }
    ]
  }
}