{
  "resourceType": "EvidenceVariable",
  "id": "example-no-alteplase",
  "text": {
    "status": "generated",
    "div": "\u003cdiv xmlns\u003d\"http://www.w3.org/1999/xhtml\"\u003e\n      \n      \u003cp\u003e\n        \u0026quot;No alteplase\u0026quot; is an intended exposure concept that may be used in expressing what an Evidence is about.\n      \u003c/p\u003e\n\t\n    \u003c/div\u003e"
  },
  "contained": [
    {
      "resourceType": "Group",
      "id": "Definition-Group",
      "title": "VariableDefinition: No alteplase",
      "membership": "conceptual",
      "characteristic": [
        {
          "code": {
            "text": "Defined by CodeableConcept"
          },
          "valueCodeableConcept": {
            "coding": [
              {
                "system": "http://www.nlm.nih.gov/research/umls/rxnorm",
                "code": "8410",
                "display": "alteplase"
              }
            ]
          },
          "exclude": true,
          "description": "No alteplase"
        }
      ]
    }
  ],
  "extension": [
    {
      "url": "http://hl7.org/fhir/StructureDefinition/structuredefinition-wg",
      "valueCode": "cds"
    }
  ],
  "name": "NoAlteplase",
  "title": "No Alteplase",
  "status": "draft",
  "publisher": "HL7 International / Clinical Decision Support",
  "contact": [
    {
      "telecom": [
        {
          "system": "url",
          "value": "http://www.hl7.org/Special/committees/dss"
        }
      ]
    }
  ],
  "description": "no alteplase",
  "actual": false,
  "definition": {
    "reference": {
      "reference": "#Definition-Group"
    }
  },
  "meta": {
    "tag": [
      {
        "system": "http://terminology.hl7.org/CodeSystem/v3-ActReason",
        "code": "HTEST",
        "display": "test health data"
      }
    ]
  }
}