{
  "resourceType": "StructureDefinition",
  "id": "integer64",
  "text": {
    "status": "generated",
    "div": "\u003cdiv xmlns\u003d\"http://www.w3.org/1999/xhtml\"\u003eto do\u003c/div\u003e"
  },
  "extension": [
    {
      "url": "http://hl7.org/fhir/StructureDefinition/structuredefinition-standards-status",
      "valueCode": "normative"
    },
    {
      "url": "http://hl7.org/fhir/StructureDefinition/structuredefinition-normative-version",
      "valueCode": "4.0.0"
    },
    {
      "url": "http://hl7.org/fhir/StructureDefinition/structuredefinition-type-characteristics",
      "valueCode": "has-range"
    },
    {
      "url": "http://hl7.org/fhir/StructureDefinition/structuredefinition-type-characteristics",
      "valueCode": "has-length"
    },
    {
      "url": "http://hl7.org/fhir/StructureDefinition/structuredefinition-wg",
      "valueCode": "fhir"
    }
  ],
  "url": "http://hl7.org/fhir/StructureDefinition/integer64",
  "version": "6.0.0-ballot3",
  "name": "integer64",
  "status": "active",
  "experimental": false,
  "date": "2025-08-25T21:44:10+00:00",
  "publisher": "HL7 International / FHIR Infrastructure",
  "contact": [
    {
      "telecom": [
        {
          "system": "url",
          "value": "http://hl7.org/fhir"
        }
      ]
    },
    {
      "telecom": [
        {
          "system": "url",
          "value": "http://www.hl7.org/Special/committees/fiwg"
        }
      ]
    }
  ],
  "description": "integer64 Type: A very large whole number",
  "jurisdiction": [
    {
      "coding": [
        {
          "system": "http://unstats.un.org/unsd/methods/m49/m49.htm",
          "code": "001",
          "display": "World"
        }
      ]
    }
  ],
  "fhirVersion": "6.0.0-ballot3",
  "kind": "primitive-type",
  "abstract": false,
  "type": "integer64",
  "baseDefinition": "http://hl7.org/fhir/StructureDefinition/PrimitiveType",
  "derivation": "specialization",
  "snapshot": {
    "element": [
      {
        "id": "integer64",
        "path": "integer64",
        "short": "Primitive Type integer64",
        "definition": "A very large whole number",
        "comment": "Typically this is used for record counters (e.g. database keys)",
        "min": 0,
        "max": "*",
        "base": {
          "path": "integer64",
          "min": 0,
          "max": "*"
        },
        "constraint": [
          {
            "key": "ele-1",
            "severity": "error",
            "human": "All FHIR elements must have a @value or children or both",
            "expression": "hasValue() or (children().count() \u003e id.count())",
            "source": "http://hl7.org/fhir/StructureDefinition/Element"
          }
        ],
        "isModifier": false,
        "isSummary": false
      },
      {
        "id": "integer64.id",
        "path": "integer64.id",
        "representation": [
          "xmlAttr"
        ],
        "short": "xml:id (or equivalent in JSON)",
        "definition": "unique id for the element within a resource (for internal references)",
        "min": 0,
        "max": "1",
        "base": {
          "path": "Element.id",
          "min": 0,
          "max": "1"
        },
        "type": [
          {
            "extension": [
              {
                "url": "http://hl7.org/fhir/StructureDefinition/structuredefinition-fhir-type",
                "valueUrl": "string"
              }
            ],
            "code": "http://hl7.org/fhirpath/System.String"
          }
        ],
        "isModifier": false,
        "isSummary": false
      },
      {
        "id": "integer64.extension",
        "path": "integer64.extension",
        "short": "Additional content defined by implementations",
        "definition": "May be used to represent additional information that is not part of the basic definition of the resource. To make the use of extensions safe and managable, there is a strict set of governance applied to the definition and use of extensions. Though any implementer can define an extension, there is a set of requirements that SHALL be met as part of the definition of the extension.",
        "comment": "There can be no stigma associated with the use of extensions by any application, project, or standard - regardless of the institution or jurisdiction that uses or defines the extensions.  The use of extensions is what allows the FHIR specification to retain a core level of simplicity for everyone.",
        "alias": [
          "extensions",
          "user content"
        ],
        "min": 0,
        "max": "*",
        "base": {
          "path": "Element.extension",
          "min": 0,
          "max": "*"
        },
        "type": [
          {
            "code": "Extension"
          }
        ],
        "constraint": [
          {
            "key": "ele-1",
            "severity": "error",
            "human": "All FHIR elements must have a @value or children",
            "expression": "hasValue() or (children().count() \u003e id.count())",
            "source": "http://hl7.org/fhir/StructureDefinition/Element"
          },
          {
            "key": "ext-1",
            "severity": "error",
            "human": "Must have either extensions or value[x], not both",
            "expression": "extension.exists() !\u003d value.exists()",
            "source": "http://hl7.org/fhir/StructureDefinition/Extension"
          }
        ],
        "isModifier": false,
        "isSummary": false
      },
      {
        "id": "integer64.value",
        "path": "integer64.value",
        "representation": [
          "xmlAttr"
        ],
        "short": "Primitive value for integer64",
        "definition": "The actual value",
        "min": 0,
        "max": "1",
        "base": {
          "path": "integer64.value",
          "min": 0,
          "max": "1"
        },
        "type": [
          {
            "extension": [
              {
                "url": "http://hl7.org/fhir/StructureDefinition/structuredefinition-fhir-type",
                "valueUrl": "integer64"
              },
              {
                "url": "http://hl7.org/fhir/StructureDefinition/regex",
                "valueString": "[0]|[-+]?[1-9][0-9]*"
              }
            ],
            "code": "http://hl7.org/fhirpath/System.Integer"
          }
        ],
        "minValueInteger64": "-9223372036854775808",
        "maxValueInteger64": "9223372036854775807",
        "isModifier": false,
        "isSummary": false
      }
    ]
  },
  "differential": {
    "element": [
      {
        "id": "integer64",
        "path": "integer64",
        "short": "Primitive Type integer64",
        "definition": "A very large whole number",
        "comment": "Typically this is used for record counters (e.g. database keys)",
        "min": 0,
        "max": "*"
      },
      {
        "id": "integer64.value",
        "path": "integer64.value",
        "representation": [
          "xmlAttr"
        ],
        "short": "Primitive value for integer64",
        "definition": "Primitive value for integer64",
        "min": 0,
        "max": "1",
        "type": [
          {
            "extension": [
              {
                "url": "http://hl7.org/fhir/StructureDefinition/structuredefinition-fhir-type",
                "valueUrl": "integer64"
              },
              {
                "url": "http://hl7.org/fhir/StructureDefinition/regex",
                "valueString": "[0]|[-+]?[1-9][0-9]*"
              }
            ],
            "code": "http://hl7.org/fhirpath/System.Integer"
          }
        ],
        "minValueInteger64": "-9223372036854775808",
        "maxValueInteger64": "9223372036854775807"
      }
    ]
  }
}