{
  "resourceType": "Medication",
  "id": "med0315",
  "code": {
    "coding": [
      {
        "system": "http://www.nlm.nih.gov/research/umls/rxnorm",
        "code": "1797865",
        "display": "mometasone furoate 0.05 MG/ACTUAT Metered Dose Nasal Spray"
      }
    ]
  },
  "doseForm": {
    "coding": [
      {
        "system": "http://snomed.info/sct",
        "code": "385157007",
        "display": "Nasal Spray"
      }
    ]
  },
  "meta": {
    "tag": [
      {
        "system": "http://terminology.hl7.org/CodeSystem/v3-ActReason",
        "code": "HTEST",
        "display": "test health data"
      }
    ]
  }
}