{
  "resourceType": "Bundle",
  "id": "e2c9dc20-615e-4603-9005-74deb209cbb0",
  "type": "subscription-notification",
  "timestamp": "2020-04-17T10:24:13.1882432-05:00",
  "entry": [
    {
      "fullUrl": "urn:uuid:b21e4fae-ce73-45cb-8e37-1e203362b2ae",
      "resource": {
        "resourceType": "SubscriptionStatus",
        "id": "b21e4fae-ce73-45cb-8e37-1e203362b2ae",
        "text": {
          "status": "generated",
          "div": "\u003cdiv xmlns\u003d\"http://www.w3.org/1999/xhtml\"\u003e\u003cp class\u003d\"res-header-id\"\u003e\u003cb\u003eGenerated Narrative: SubscriptionStatus b21e4fae-ce73-45cb-8e37-1e203362b2ae\u003c/b\u003e\u003c/p\u003e\u003ca name\u003d\"b21e4fae-ce73-45cb-8e37-1e203362b2ae\"\u003e \u003c/a\u003e\u003ca name\u003d\"hcb21e4fae-ce73-45cb-8e37-1e203362b2ae\"\u003e \u003c/a\u003e\u003cp\u003e\u003cb\u003estatus\u003c/b\u003e: Error\u003c/p\u003e\u003cp\u003e\u003cb\u003etype\u003c/b\u003e: Event Notification\u003c/p\u003e\u003cp\u003e\u003cb\u003eeventsSinceSubscriptionStart\u003c/b\u003e: 328\u003c/p\u003e\u003ch3\u003eNotificationEvents\u003c/h3\u003e\u003ctable class\u003d\"grid\"\u003e\u003ctr\u003e\u003ctd style\u003d\"display: none\"\u003e-\u003c/td\u003e\u003ctd\u003e\u003cb\u003eEventNumber\u003c/b\u003e\u003c/td\u003e\u003ctd\u003e\u003cb\u003eTimestamp\u003c/b\u003e\u003c/td\u003e\u003c/tr\u003e\u003ctr\u003e\u003ctd style\u003d\"display: none\"\u003e*\u003c/td\u003e\u003ctd\u003e328\u003c/td\u003e\u003ctd\u003e2020-04-17T10:20:00-05:00\u003c/td\u003e\u003c/tr\u003e\u003c/table\u003e\u003cp\u003e\u003cb\u003esubscription\u003c/b\u003e: \u003ca href\u003d\"broken-link.html\"\u003ehttp://example.org/FHIR/R5/Subscription/123\u003c/a\u003e\u003c/p\u003e\u003cp\u003e\u003cb\u003etopic\u003c/b\u003e: \u003ca href\u003d\"broken-link.html\"\u003ehttp://example.org/FHIR/R5/SubscriptionTopic/admission\u003c/a\u003e\u003c/p\u003e\u003cp\u003e\u003cb\u003eerror\u003c/b\u003e: \u003cspan title\u003d\"Codes:{http://terminology.hl7.org/CodeSystem/subscription-error no-response}\"\u003eNo response\u003c/span\u003e\u003c/p\u003e\u003c/div\u003e"
        },
        "status": "error",
        "type": "event-notification",
        "eventsSinceSubscriptionStart": "328",
        "notificationEvent": [
          {
            "eventNumber": "328",
            "timestamp": "2020-04-17T10:20:00.0000000-05:00"
          }
        ],
        "subscription": {
          "reference": "http://example.org/FHIR/R5/Subscription/123"
        },
        "topic": "http://example.org/FHIR/R5/SubscriptionTopic/admission",
        "error": [
          {
            "coding": [
              {
                "system": "http://terminology.hl7.org/CodeSystem/subscription-error",
                "code": "no-response"
              }
            ]
          }
        ]
      }
    }
  ],
  "meta": {
    "tag": [
      {
        "system": "http://terminology.hl7.org/CodeSystem/v3-ActReason",
        "code": "HTEST",
        "display": "test health data"
      }
    ]
  }
}