{
  "resourceType": "OperationDefinition",
  "id": "Patient-match",
  "text": {
    "status": "generated",
    "div": "\u003cdiv xmlns\u003d\"http://www.w3.org/1999/xhtml\"\u003e\u003cp class\u003d\"res-header-id\"\u003e\u003cb\u003eGenerated Narrative: OperationDefinition Patient-match\u003c/b\u003e\u003c/p\u003e\u003ca name\u003d\"Patient-match\"\u003e \u003c/a\u003e\u003ca name\u003d\"hcPatient-match\"\u003e \u003c/a\u003e\u003cp\u003eURL: [base]/Patient/$match\u003c/p\u003e\u003ch3\u003eParameters\u003c/h3\u003e\u003ctable class\u003d\"grid\"\u003e\u003ctr\u003e\u003ctd\u003e\u003cb\u003eUse\u003c/b\u003e\u003c/td\u003e\u003ctd\u003e\u003cb\u003eName\u003c/b\u003e\u003c/td\u003e\u003ctd\u003e\u003cb\u003eScope\u003c/b\u003e\u003c/td\u003e\u003ctd\u003e\u003cb\u003eCardinality\u003c/b\u003e\u003c/td\u003e\u003ctd\u003e\u003cb\u003eType\u003c/b\u003e\u003c/td\u003e\u003ctd\u003e\u003cb\u003eBinding\u003c/b\u003e\u003c/td\u003e\u003ctd\u003e\u003cb\u003eDocumentation\u003c/b\u003e\u003c/td\u003e\u003c/tr\u003e\u003ctr\u003e\u003ctd\u003eIN\u003c/td\u003e\u003ctd\u003eresource\u003c/td\u003e\u003ctd/\u003e\u003ctd\u003e1..1\u003c/td\u003e\u003ctd\u003e\u003ca href\u003d\"resource.html\"\u003eResource\u003c/a\u003e\u003c/td\u003e\u003ctd/\u003e\u003ctd\u003e\u003cdiv\u003e\u003cp\u003eUse this to provide an entire set of patient details for the MPI to match against (e.g. POST a patient record to Patient/$match).\u003c/p\u003e\n\u003c/div\u003e\u003c/td\u003e\u003c/tr\u003e\u003ctr\u003e\u003ctd\u003eIN\u003c/td\u003e\u003ctd\u003eonlySingleMatch\u003c/td\u003e\u003ctd/\u003e\u003ctd\u003e0..1\u003c/td\u003e\u003ctd\u003e\u003ca href\u003d\"datatypes.html#boolean\"\u003eboolean\u003c/a\u003e\u003c/td\u003e\u003ctd/\u003e\u003ctd\u003e\u003cdiv\u003e\u003cp\u003eIf there are multiple potential matches, the server should identify the single most appropriate match that should be used with future interactions with the server (for example, as part of a subsequent create interaction).\u003c/p\u003e\n\u003c/div\u003e\u003c/td\u003e\u003c/tr\u003e\u003ctr\u003e\u003ctd\u003eIN\u003c/td\u003e\u003ctd\u003eonlyCertainMatches\u003c/td\u003e\u003ctd/\u003e\u003ctd\u003e0..1\u003c/td\u003e\u003ctd\u003e\u003ca href\u003d\"datatypes.html#boolean\"\u003eboolean\u003c/a\u003e\u003c/td\u003e\u003ctd/\u003e\u003ctd\u003e\u003cdiv\u003e\u003cp\u003eIf there are multiple potential matches, the server should be certain that each of the records are for the same patients.  This could happen if the records are duplicates, are the same person for the purpose of data segregation, or other reasons.  When false, the server may return multiple results with each result graded accordingly.\u003c/p\u003e\n\u003c/div\u003e\u003c/td\u003e\u003c/tr\u003e\u003ctr\u003e\u003ctd\u003eIN\u003c/td\u003e\u003ctd\u003ecount\u003c/td\u003e\u003ctd/\u003e\u003ctd\u003e0..1\u003c/td\u003e\u003ctd\u003e\u003ca href\u003d\"datatypes.html#integer\"\u003einteger\u003c/a\u003e\u003c/td\u003e\u003ctd/\u003e\u003ctd\u003e\u003cdiv\u003e\u003cp\u003eThe maximum number of records to return. If no value is provided, the server decides how many matches to return. Note that clients should be careful when using this, as it may prevent probable - and valid - matches from being returned\u003c/p\u003e\n\u003c/div\u003e\u003c/td\u003e\u003c/tr\u003e\u003ctr\u003e\u003ctd\u003eOUT\u003c/td\u003e\u003ctd\u003ereturn\u003c/td\u003e\u003ctd/\u003e\u003ctd\u003e1..1\u003c/td\u003e\u003ctd\u003e\u003ca href\u003d\"bundle.html\"\u003eBundle\u003c/a\u003e\u003c/td\u003e\u003ctd/\u003e\u003ctd\u003e\u003cdiv\u003e\u003cp\u003eThe bundle type is \u0026quot;searchset\u0026quot;\u003c/p\u003e\n\u003cp\u003eA bundle contain a set of Patient records that represent possible matches, optionally it may also contain an OperationOutcome with further information about the search results (such as warnings or information messages, such as a count of records that were close but eliminated)  If the operation was unsuccessful, then an OperationOutcome may be returned along with a BadRequest status Code (e.g. security issue, or insufficient properties in patient fragment - check against profile)\u003c/p\u003e\n\u003c/div\u003e\u003c/td\u003e\u003c/tr\u003e\u003c/table\u003e\u003cdiv\u003e\u003cp\u003eThe response from an \u0026quot;mpi\u0026quot; query is a bundle containing patient records, ordered from most likely to least likely. If there are no patient matches, the MPI SHALL return an empty search set with no error, but may include an operation outcome with further advice regarding patient selection. All patient records SHALL have a search score from 0 to 1, where 1 is the most certain match, along with an extension \u0026quot;\u003ca href\u003d\"https://build.fhir.org/ig/HL7/fhir-extensions/StructureDefinition-match-grade.html\"\u003ehttp://hl7.org/fhir/StructureDefinition/match-grade\u003c/a\u003e\u0026quot; that indicates the MPI\u0027s position on the match quality.\u003c/p\u003e\n\u003c/div\u003e\u003c/div\u003e"
  },
  "extension": [
    {
      "url": "http://hl7.org/fhir/StructureDefinition/structuredefinition-fmm",
      "valueInteger": 5
    },
    {
      "url": "http://hl7.org/fhir/StructureDefinition/structuredefinition-standards-status",
      "valueCode": "trial-use"
    },
    {
      "url": "http://hl7.org/fhir/StructureDefinition/structuredefinition-wg",
      "valueCode": "pa"
    }
  ],
  "url": "http://hl7.org/fhir/OperationDefinition/Patient-match",
  "version": "6.0.0-ballot3",
  "name": "Match",
  "title": "Find patient matches using MPI based logic",
  "status": "draft",
  "kind": "operation",
  "experimental": false,
  "date": "2025-08-25T21:44:10+00:00",
  "publisher": "HL7 International / Patient Administration",
  "contact": [
    {
      "telecom": [
        {
          "system": "url",
          "value": "http://hl7.org/fhir"
        },
        {
          "system": "email",
          "value": "fhir@lists.hl7.org"
        }
      ]
    },
    {
      "telecom": [
        {
          "system": "url",
          "value": "http://www.hl7.org/Special/committees/pafm"
        }
      ]
    }
  ],
  "description": "A Master Patient Index ([MPI](http://en.wikipedia.org/wiki/Enterprise_master_patient_index) ) is a service used to manage patient identification in a context where multiple patient databases exist. Healthcare applications and middleware use the MPI to match patients between the databases, and to store new patient details as they are encountered. MPIs are highly specialized applications, often tailored extensively to the institution\u0027s particular mix of patients. MPIs can also be run on a regional and national basis.  \n\nTo ask an MPI to match a patient, clients use the \"$match\" operation, which accepts a patient resource which may be only partially complete. The data provided is interpreted as an MPI input and processed by an algorithm of some kind that uses the data to determine the most appropriate matches in the patient set.  Note that different MPI matching algorithms have different required inputs. Consult with the vendor implementing the $match operation as to its specific behaviors.\r\r  The generic $match operation does not specify any particular algorithm, nor a minimum set of information that must be provided when asking for an MPI match operation to be performed, but many implementations will have a set of minimum information, which may be declared in their definition of the $match operation by specifying a profile on the resource parameter, indicating which properties are required in the search.\r\rThe patient resource submitted to the operation does not have to be complete, nor does it need to pass validation (i.e. mandatory fields don\u0027t need to be populated), but it does have to be a valid instance, as it is used as the reference data to match against.\r\r  Implementers of the $match algorithm should consider the relevance of returning inactive patients, particularly ones associated with patient merges.\r\rE.g. If an inactive patient is \"matched\" and its merged target resource will be included, then the inactive one may be excluded, however if a patient was just marked as inactive for other reasons, it could be included in the results.\r\r(any specific MPI algorithm may or might not behave as in these examples)",
  "jurisdiction": [
    {
      "coding": [
        {
          "system": "http://unstats.un.org/unsd/methods/m49/m49.htm",
          "code": "001",
          "display": "World"
        }
      ]
    }
  ],
  "affectsState": false,
  "code": "match",
  "comment": "The response from an \"mpi\" query is a bundle containing patient records, ordered from most likely to least likely. If there are no patient matches, the MPI SHALL return an empty search set with no error, but may include an operation outcome with further advice regarding patient selection. All patient records SHALL have a search score from 0 to 1, where 1 is the most certain match, along with an extension \"[http://hl7.org/fhir/StructureDefinition/match-grade](https://build.fhir.org/ig/HL7/fhir-extensions/StructureDefinition-match-grade.html)\" that indicates the MPI\u0027s position on the match quality.",
  "resource": [
    "Patient"
  ],
  "system": false,
  "type": true,
  "instance": false,
  "parameter": [
    {
      "name": "resource",
      "use": "in",
      "min": 1,
      "max": "1",
      "documentation": "Use this to provide an entire set of patient details for the MPI to match against (e.g. POST a patient record to Patient/$match).",
      "type": "Resource"
    },
    {
      "name": "onlySingleMatch",
      "use": "in",
      "min": 0,
      "max": "1",
      "documentation": "If there are multiple potential matches, the server should identify the single most appropriate match that should be used with future interactions with the server (for example, as part of a subsequent create interaction).",
      "type": "boolean"
    },
    {
      "name": "onlyCertainMatches",
      "use": "in",
      "min": 0,
      "max": "1",
      "documentation": "If there are multiple potential matches, the server should be certain that each of the records are for the same patients.  This could happen if the records are duplicates, are the same person for the purpose of data segregation, or other reasons.  When false, the server may return multiple results with each result graded accordingly.",
      "type": "boolean"
    },
    {
      "name": "count",
      "use": "in",
      "min": 0,
      "max": "1",
      "documentation": "The maximum number of records to return. If no value is provided, the server decides how many matches to return. Note that clients should be careful when using this, as it may prevent probable - and valid - matches from being returned",
      "type": "integer"
    },
    {
      "name": "return",
      "use": "out",
      "min": 1,
      "max": "1",
      "documentation": "The bundle type is \"searchset\"\r\rA bundle contain a set of Patient records that represent possible matches, optionally it may also contain an OperationOutcome with further information about the search results (such as warnings or information messages, such as a count of records that were close but eliminated)  If the operation was unsuccessful, then an OperationOutcome may be returned along with a BadRequest status Code (e.g. security issue, or insufficient properties in patient fragment - check against profile)",
      "type": "Bundle"
    }
  ]
}