{
  "resourceType": "OperationDefinition",
  "id": "Resource-meta",
  "text": {
    "status": "generated",
    "div": "\u003cdiv xmlns\u003d\"http://www.w3.org/1999/xhtml\"\u003e\u003cp class\u003d\"res-header-id\"\u003e\u003cb\u003eGenerated Narrative: OperationDefinition Resource-meta\u003c/b\u003e\u003c/p\u003e\u003ca name\u003d\"Resource-meta\"\u003e \u003c/a\u003e\u003ca name\u003d\"hcResource-meta\"\u003e \u003c/a\u003e\u003cp\u003eURL: [base]/$$meta\u003c/p\u003e\u003cp\u003eURL: [base]/Resource/$meta\u003c/p\u003e\u003cp\u003eURL: [base]/Resource/[id]/$meta\u003c/p\u003e\u003ch3\u003eParameters\u003c/h3\u003e\u003ctable class\u003d\"grid\"\u003e\u003ctr\u003e\u003ctd\u003e\u003cb\u003eUse\u003c/b\u003e\u003c/td\u003e\u003ctd\u003e\u003cb\u003eName\u003c/b\u003e\u003c/td\u003e\u003ctd\u003e\u003cb\u003eScope\u003c/b\u003e\u003c/td\u003e\u003ctd\u003e\u003cb\u003eCardinality\u003c/b\u003e\u003c/td\u003e\u003ctd\u003e\u003cb\u003eType\u003c/b\u003e\u003c/td\u003e\u003ctd\u003e\u003cb\u003eBinding\u003c/b\u003e\u003c/td\u003e\u003ctd\u003e\u003cb\u003eDocumentation\u003c/b\u003e\u003c/td\u003e\u003c/tr\u003e\u003ctr\u003e\u003ctd\u003eOUT\u003c/td\u003e\u003ctd\u003ereturn\u003c/td\u003e\u003ctd/\u003e\u003ctd\u003e1..1\u003c/td\u003e\u003ctd\u003e\u003ca href\u003d\"resource.html#Meta\"\u003eMeta\u003c/a\u003e\u003c/td\u003e\u003ctd/\u003e\u003ctd\u003e\u003cdiv\u003e\u003cp\u003eThe meta returned by the operation\u003c/p\u003e\n\u003c/div\u003e\u003c/td\u003e\u003c/tr\u003e\u003c/table\u003e\u003cdiv\u003e\u003cp\u003eAt the system and type levels, the $meta operation is used to get a summary of all the labels that are in use across the system. The principal use for this operation is to support search e.g. what tags can be searched for. At these levels, the meta will not contain versionId, lastUpdated etc. Systems are not obligated to implement the operation at this level (and should return a 4xx error if they don\u0027t). At the resource and historical entry level, the $meta operation returns the same meta as would be returned by accessing the resource directly. This can be used to allow a system to get access to the meta-information for the resource without accessing the resource itself, e.g. for security reasons\u003c/p\u003e\n\u003c/div\u003e\u003c/div\u003e"
  },
  "extension": [
    {
      "url": "http://hl7.org/fhir/StructureDefinition/structuredefinition-fmm",
      "valueInteger": 3
    },
    {
      "url": "http://hl7.org/fhir/StructureDefinition/structuredefinition-standards-status",
      "valueCode": "trial-use"
    },
    {
      "url": "http://hl7.org/fhir/StructureDefinition/structuredefinition-wg",
      "valueCode": "fhir"
    }
  ],
  "url": "http://hl7.org/fhir/OperationDefinition/Resource-meta",
  "version": "6.0.0-ballot3",
  "name": "Meta",
  "title": "Access a list of profiles, tags, and security labels",
  "status": "draft",
  "kind": "operation",
  "experimental": false,
  "date": "2025-08-25T21:44:10+00:00",
  "publisher": "HL7 International / FHIR Infrastructure",
  "contact": [
    {
      "telecom": [
        {
          "system": "url",
          "value": "http://hl7.org/fhir"
        },
        {
          "system": "email",
          "value": "fhir@lists.hl7.org"
        }
      ]
    },
    {
      "telecom": [
        {
          "system": "url",
          "value": "http://www.hl7.org/Special/committees/fiwg"
        }
      ]
    }
  ],
  "description": "This operation retrieves a summary of the profiles, tags, and security labels for the given scope; e.g. for each scope:  \n\n* system-wide: a list of all profiles, tags and security labels in use by the system \n* resource-type level: A list of all profiles, tags, and security labels for the resource type \n* individual resource level: A list of all profiles, tags, and security labels for the current version of the resource.  Also, as a special case, this operation (and other meta operations) can be performed on a historical version of a resource)",
  "jurisdiction": [
    {
      "coding": [
        {
          "system": "http://unstats.un.org/unsd/methods/m49/m49.htm",
          "code": "001",
          "display": "World"
        }
      ]
    }
  ],
  "affectsState": false,
  "code": "meta",
  "comment": "At the system and type levels, the $meta operation is used to get a summary of all the labels that are in use across the system. The principal use for this operation is to support search e.g. what tags can be searched for. At these levels, the meta will not contain versionId, lastUpdated etc. Systems are not obligated to implement the operation at this level (and should return a 4xx error if they don\u0027t). At the resource and historical entry level, the $meta operation returns the same meta as would be returned by accessing the resource directly. This can be used to allow a system to get access to the meta-information for the resource without accessing the resource itself, e.g. for security reasons",
  "resource": [
    "Resource"
  ],
  "system": true,
  "type": true,
  "instance": true,
  "parameter": [
    {
      "name": "return",
      "use": "out",
      "min": 1,
      "max": "1",
      "documentation": "The meta returned by the operation",
      "type": "Meta"
    }
  ]
}