{
  "resourceType": "OperationDefinition",
  "id": "Resource-add",
  "text": {
    "status": "generated",
    "div": "\u003cdiv xmlns\u003d\"http://www.w3.org/1999/xhtml\"\u003e\u003cp class\u003d\"res-header-id\"\u003e\u003cb\u003eGenerated Narrative: OperationDefinition Resource-add\u003c/b\u003e\u003c/p\u003e\u003ca name\u003d\"Resource-add\"\u003e \u003c/a\u003e\u003ca name\u003d\"hcResource-add\"\u003e \u003c/a\u003e\u003cp\u003eURL: [base]/Resource/[id]/$add\u003c/p\u003e\u003ch3\u003eParameters\u003c/h3\u003e\u003ctable class\u003d\"grid\"\u003e\u003ctr\u003e\u003ctd\u003e\u003cb\u003eUse\u003c/b\u003e\u003c/td\u003e\u003ctd\u003e\u003cb\u003eName\u003c/b\u003e\u003c/td\u003e\u003ctd\u003e\u003cb\u003eScope\u003c/b\u003e\u003c/td\u003e\u003ctd\u003e\u003cb\u003eCardinality\u003c/b\u003e\u003c/td\u003e\u003ctd\u003e\u003cb\u003eType\u003c/b\u003e\u003c/td\u003e\u003ctd\u003e\u003cb\u003eBinding\u003c/b\u003e\u003c/td\u003e\u003ctd\u003e\u003cb\u003eDocumentation\u003c/b\u003e\u003c/td\u003e\u003c/tr\u003e\u003ctr\u003e\u003ctd\u003eIN\u003c/td\u003e\u003ctd\u003eadditions\u003c/td\u003e\u003ctd/\u003e\u003ctd\u003e1..1\u003c/td\u003e\u003ctd\u003e\u003ca href\u003d\"resource.html\"\u003eResource\u003c/a\u003e\u003c/td\u003e\u003ctd/\u003e\u003ctd\u003e\u003cdiv\u003e\u003cp\u003eResource containing content to add. See \u003ca href\u003d\"operations-for-large-resources.html\"\u003eOperations for Large Resources\u003c/a\u003e.\u003c/p\u003e\n\u003c/div\u003e\u003c/td\u003e\u003c/tr\u003e\u003ctr\u003e\u003ctd\u003eOUT\u003c/td\u003e\u003ctd\u003ereturn\u003c/td\u003e\u003ctd/\u003e\u003ctd\u003e0..1\u003c/td\u003e\u003ctd\u003e\u003ca href\u003d\"resource.html\"\u003eResource\u003c/a\u003e\u003c/td\u003e\u003ctd/\u003e\u003ctd\u003e\u003cdiv\u003e\u003cp\u003eResource containing content added. See \u003ca href\u003d\"operations-for-large-resources.html\"\u003eOperations for Large Resources\u003c/a\u003e.\u003c/p\u003e\n\u003c/div\u003e\u003c/td\u003e\u003c/tr\u003e\u003c/table\u003e\u003c/div\u003e"
  },
  "extension": [
    {
      "url": "http://hl7.org/fhir/StructureDefinition/structuredefinition-fmm",
      "valueInteger": 0
    },
    {
      "url": "http://hl7.org/fhir/StructureDefinition/structuredefinition-standards-status",
      "valueCode": "trial-use"
    },
    {
      "url": "http://hl7.org/fhir/StructureDefinition/structuredefinition-wg",
      "valueCode": "fhir"
    }
  ],
  "url": "http://hl7.org/fhir/OperationDefinition/Resource-add",
  "version": "6.0.0-ballot3",
  "name": "Add",
  "title": "Add to an array in a large resource",
  "status": "draft",
  "kind": "operation",
  "experimental": false,
  "date": "2025-08-25T21:44:10+00:00",
  "publisher": "HL7 International / FHIR Infrastructure",
  "contact": [
    {
      "telecom": [
        {
          "system": "url",
          "value": "http://hl7.org/fhir"
        },
        {
          "system": "email",
          "value": "fhir@lists.hl7.org"
        }
      ]
    },
    {
      "telecom": [
        {
          "system": "url",
          "value": "http://www.hl7.org/Special/committees/fiwg"
        }
      ]
    }
  ],
  "description": "Add content to an array in a large resource such as List or Group. See [Operations for Large Resources](operations-for-large-resources.html).",
  "jurisdiction": [
    {
      "coding": [
        {
          "system": "http://unstats.un.org/unsd/methods/m49/m49.htm",
          "code": "001",
          "display": "World"
        }
      ]
    }
  ],
  "affectsState": true,
  "code": "add",
  "resource": [
    "Resource"
  ],
  "system": false,
  "type": false,
  "instance": true,
  "parameter": [
    {
      "name": "additions",
      "use": "in",
      "min": 1,
      "max": "1",
      "documentation": "Resource containing content to add. See [Operations for Large Resources](operations-for-large-resources.html).",
      "type": "Resource"
    },
    {
      "name": "return",
      "use": "out",
      "min": 0,
      "max": "1",
      "documentation": "Resource containing content added. See [Operations for Large Resources](operations-for-large-resources.html).",
      "type": "Resource"
    }
  ]
}