{
  "resourceType": "OperationDefinition",
  "id": "ConceptMap-closure",
  "text": {
    "status": "generated",
    "div": "\u003cdiv xmlns\u003d\"http://www.w3.org/1999/xhtml\"\u003e\u003cp class\u003d\"res-header-id\"\u003e\u003cb\u003eGenerated Narrative: OperationDefinition ConceptMap-closure\u003c/b\u003e\u003c/p\u003e\u003ca name\u003d\"ConceptMap-closure\"\u003e \u003c/a\u003e\u003ca name\u003d\"hcConceptMap-closure\"\u003e \u003c/a\u003e\u003cp\u003eURL: [base]/$$closure\u003c/p\u003e\u003ch3\u003eParameters\u003c/h3\u003e\u003ctable class\u003d\"grid\"\u003e\u003ctr\u003e\u003ctd\u003e\u003cb\u003eUse\u003c/b\u003e\u003c/td\u003e\u003ctd\u003e\u003cb\u003eName\u003c/b\u003e\u003c/td\u003e\u003ctd\u003e\u003cb\u003eScope\u003c/b\u003e\u003c/td\u003e\u003ctd\u003e\u003cb\u003eCardinality\u003c/b\u003e\u003c/td\u003e\u003ctd\u003e\u003cb\u003eType\u003c/b\u003e\u003c/td\u003e\u003ctd\u003e\u003cb\u003eBinding\u003c/b\u003e\u003c/td\u003e\u003ctd\u003e\u003cb\u003eDocumentation\u003c/b\u003e\u003c/td\u003e\u003c/tr\u003e\u003ctr\u003e\u003ctd\u003eIN\u003c/td\u003e\u003ctd\u003ename\u003c/td\u003e\u003ctd/\u003e\u003ctd\u003e1..1\u003c/td\u003e\u003ctd\u003e\u003ca href\u003d\"datatypes.html#string\"\u003estring\u003c/a\u003e\u003c/td\u003e\u003ctd/\u003e\u003ctd\u003e\u003cdiv\u003e\u003cp\u003eThe name that defines the particular context for the subsumption based closure table\u003c/p\u003e\n\u003c/div\u003e\u003c/td\u003e\u003c/tr\u003e\u003ctr\u003e\u003ctd\u003eIN\u003c/td\u003e\u003ctd\u003econcept\u003c/td\u003e\u003ctd/\u003e\u003ctd\u003e0..*\u003c/td\u003e\u003ctd\u003e\u003ca href\u003d\"datatypes.html#Coding\"\u003eCoding\u003c/a\u003e\u003c/td\u003e\u003ctd/\u003e\u003ctd\u003e\u003cdiv\u003e\u003cp\u003eConcepts to add to the closure table\u003c/p\u003e\n\u003c/div\u003e\u003c/td\u003e\u003c/tr\u003e\u003ctr\u003e\u003ctd\u003eIN\u003c/td\u003e\u003ctd\u003eversion\u003c/td\u003e\u003ctd/\u003e\u003ctd\u003e0..1\u003c/td\u003e\u003ctd\u003e\u003ca href\u003d\"datatypes.html#string\"\u003estring\u003c/a\u003e\u003c/td\u003e\u003ctd/\u003e\u003ctd\u003e\u003cdiv\u003e\u003cp\u003eA request to resynchronise - request to send all new entries since the nominated version was sent by the server\u003c/p\u003e\n\u003c/div\u003e\u003c/td\u003e\u003c/tr\u003e\u003ctr\u003e\u003ctd\u003eOUT\u003c/td\u003e\u003ctd\u003ereturn\u003c/td\u003e\u003ctd/\u003e\u003ctd\u003e1..1\u003c/td\u003e\u003ctd\u003e\u003ca href\u003d\"conceptmap.html\"\u003eConceptMap\u003c/a\u003e\u003c/td\u003e\u003ctd/\u003e\u003ctd\u003e\u003cdiv\u003e\u003cp\u003eA list of new entries (code / system --\u0026gt; code/system) that the client should add to its closure table. The only kind of entry mapping relationships that can be returned are equivalent, source-is-broader-than-target and source-is-narrower-than-target.\u003c/p\u003e\n\u003c/div\u003e\u003c/td\u003e\u003c/tr\u003e\u003c/table\u003e\u003c/div\u003e"
  },
  "extension": [
    {
      "url": "http://hl7.org/fhir/StructureDefinition/structuredefinition-fmm",
      "valueInteger": 1
    },
    {
      "url": "http://hl7.org/fhir/StructureDefinition/structuredefinition-standards-status",
      "valueCode": "trial-use"
    },
    {
      "url": "http://hl7.org/fhir/StructureDefinition/structuredefinition-wg",
      "valueCode": "vocab"
    }
  ],
  "url": "http://hl7.org/fhir/OperationDefinition/ConceptMap-closure",
  "version": "6.0.0-ballot3",
  "name": "Closure",
  "title": "Closure Table Maintenance",
  "status": "draft",
  "kind": "operation",
  "experimental": false,
  "date": "2025-08-25T21:44:10+00:00",
  "publisher": "HL7 International / Terminology Infrastructure",
  "contact": [
    {
      "telecom": [
        {
          "system": "url",
          "value": "http://hl7.org/fhir"
        },
        {
          "system": "email",
          "value": "fhir@lists.hl7.org"
        }
      ]
    },
    {
      "telecom": [
        {
          "system": "url",
          "value": "http://www.hl7.org/Special/committees/Vocab"
        }
      ]
    }
  ],
  "description": "This operation provides support for ongoing maintenance of a client-side [transitive closure table](https://en.wikipedia.org/wiki/Transitive_closure#In_graph_theory) based on server-side terminological logic. For details of how this is used, see [Maintaining a Closure Table](terminology-service.html#closure)",
  "jurisdiction": [
    {
      "coding": [
        {
          "system": "http://unstats.un.org/unsd/methods/m49/m49.htm",
          "code": "001",
          "display": "World"
        }
      ]
    }
  ],
  "affectsState": true,
  "code": "closure",
  "resource": [
    "ConceptMap"
  ],
  "system": true,
  "type": false,
  "instance": false,
  "parameter": [
    {
      "name": "name",
      "use": "in",
      "min": 1,
      "max": "1",
      "documentation": "The name that defines the particular context for the subsumption based closure table",
      "type": "string"
    },
    {
      "name": "concept",
      "use": "in",
      "min": 0,
      "max": "*",
      "documentation": "Concepts to add to the closure table",
      "type": "Coding"
    },
    {
      "name": "version",
      "use": "in",
      "min": 0,
      "max": "1",
      "documentation": "A request to resynchronise - request to send all new entries since the nominated version was sent by the server",
      "type": "string"
    },
    {
      "name": "return",
      "use": "out",
      "min": 1,
      "max": "1",
      "documentation": "A list of new entries (code / system --\u003e code/system) that the client should add to its closure table. The only kind of entry mapping relationships that can be returned are equivalent, source-is-broader-than-target and source-is-narrower-than-target.",
      "type": "ConceptMap"
    }
  ]
}