{
  "resourceType": "OperationDefinition",
  "id": "Measure-evaluate",
  "text": {
    "status": "generated",
    "div": "\u003cdiv xmlns\u003d\"http://www.w3.org/1999/xhtml\"\u003e\u003cp class\u003d\"res-header-id\"\u003e\u003cb\u003eGenerated Narrative: OperationDefinition Measure-evaluate\u003c/b\u003e\u003c/p\u003e\u003ca name\u003d\"Measure-evaluate\"\u003e \u003c/a\u003e\u003ca name\u003d\"hcMeasure-evaluate\"\u003e \u003c/a\u003e\u003cp\u003eURL: [base]/Measure/$evaluate\u003c/p\u003e\u003cp\u003eURL: [base]/Measure/[id]/$evaluate\u003c/p\u003e\u003ch3\u003eParameters\u003c/h3\u003e\u003ctable class\u003d\"grid\"\u003e\u003ctr\u003e\u003ctd\u003e\u003cb\u003eUse\u003c/b\u003e\u003c/td\u003e\u003ctd\u003e\u003cb\u003eName\u003c/b\u003e\u003c/td\u003e\u003ctd\u003e\u003cb\u003eScope\u003c/b\u003e\u003c/td\u003e\u003ctd\u003e\u003cb\u003eCardinality\u003c/b\u003e\u003c/td\u003e\u003ctd\u003e\u003cb\u003eType\u003c/b\u003e\u003c/td\u003e\u003ctd\u003e\u003cb\u003eBinding\u003c/b\u003e\u003c/td\u003e\u003ctd\u003e\u003cb\u003eDocumentation\u003c/b\u003e\u003c/td\u003e\u003c/tr\u003e\u003ctr\u003e\u003ctd\u003eIN\u003c/td\u003e\u003ctd\u003emeasure\u003c/td\u003e\u003ctd\u003etype\u003c/td\u003e\u003ctd\u003e0..1\u003c/td\u003e\u003ctd\u003e\u003ca href\u003d\"measure.html\"\u003eMeasure\u003c/a\u003e\u003c/td\u003e\u003ctd/\u003e\u003ctd\u003e\u003cdiv\u003e\u003cp\u003eThe measure to evaluate. If the operation is invoked at the instance level, this parameter is not allowed; if the operation is invoked at the type level, this parameter is required, or a url (and optionally version) must be supplied.\u003c/p\u003e\n\u003c/div\u003e\u003c/td\u003e\u003c/tr\u003e\u003ctr\u003e\u003ctd\u003eIN\u003c/td\u003e\u003ctd\u003eurl\u003c/td\u003e\u003ctd\u003etype\u003c/td\u003e\u003ctd\u003e0..1\u003c/td\u003e\u003ctd\u003e\u003ca href\u003d\"datatypes.html#canonical\"\u003ecanonical\u003c/a\u003e (\u003ca href\u003d\"measure.html\" title\u003d\"http://hl7.org/fhir/StructureDefinition/Measure\"\u003eMeasure\u003c/a\u003e)\u003c/td\u003e\u003ctd/\u003e\u003ctd\u003e\u003cdiv\u003e\u003cp\u003eThe url of the measure to be applied. If the operation is invoked at the instance level, this parameter is not allowed; if the operation is invoked at the type level, this parameter (and optionally the version), or the measure parameter must be supplied\u003c/p\u003e\n\u003c/div\u003e\u003c/td\u003e\u003c/tr\u003e\u003ctr\u003e\u003ctd\u003eIN\u003c/td\u003e\u003ctd\u003eversion\u003c/td\u003e\u003ctd\u003etype\u003c/td\u003e\u003ctd\u003e0..1\u003c/td\u003e\u003ctd\u003e\u003ca href\u003d\"datatypes.html#string\"\u003estring\u003c/a\u003e\u003c/td\u003e\u003ctd/\u003e\u003ctd\u003e\u003cdiv\u003e\u003cp\u003eThe version of the measure to be applied. If the operation is invoked at the instance level, this parameter is not allowed; if the operation is invoked at the type level, this parameter may only be used if the url parameter is supplied, and the version is not supplied with it.\u003c/p\u003e\n\u003c/div\u003e\u003c/td\u003e\u003c/tr\u003e\u003ctr\u003e\u003ctd\u003eIN\u003c/td\u003e\u003ctd\u003esubject\u003c/td\u003e\u003ctd/\u003e\u003ctd\u003e0..1\u003c/td\u003e\u003ctd\u003e\u003ca href\u003d\"datatypes.html#string\"\u003estring\u003c/a\u003e\u003cbr/\u003e(\u003ca href\u003d\"search.html#reference\"\u003ereference\u003c/a\u003e)\u003c/td\u003e\u003ctd/\u003e\u003ctd\u003e\u003cdiv\u003e\u003cp\u003eSubject for which the measure will be calculated. The subject may be a Patient, Practitioner, PractitionerRole, Organization, Location, Device, or Group. Subjects provided in this parameter will be resolved as the subject of the measure based on the type of the subject. If multiple subjects of the same type are provided, the behavior is implementation-defined\u003c/p\u003e\n\u003c/div\u003e\u003c/td\u003e\u003c/tr\u003e\u003ctr\u003e\u003ctd\u003eIN\u003c/td\u003e\u003ctd\u003eperiodStart\u003c/td\u003e\u003ctd/\u003e\u003ctd\u003e1..1\u003c/td\u003e\u003ctd\u003e\u003ca href\u003d\"datatypes.html#date\"\u003edate\u003c/a\u003e\u003c/td\u003e\u003ctd/\u003e\u003ctd\u003e\u003cdiv\u003e\u003cp\u003eThe start of the measurement period. In keeping with the semantics of the date parameter used in the FHIR search operation, the period will start at the beginning of the period implied by the supplied timestamp. E.g. a value of 2014 would set the period start to be 2014-01-01T00:00:00 inclusive\u003c/p\u003e\n\u003c/div\u003e\u003c/td\u003e\u003c/tr\u003e\u003ctr\u003e\u003ctd\u003eIN\u003c/td\u003e\u003ctd\u003eperiodEnd\u003c/td\u003e\u003ctd/\u003e\u003ctd\u003e1..1\u003c/td\u003e\u003ctd\u003e\u003ca href\u003d\"datatypes.html#date\"\u003edate\u003c/a\u003e\u003c/td\u003e\u003ctd/\u003e\u003ctd\u003e\u003cdiv\u003e\u003cp\u003eThe end of the measurement period. The period will end at the end of the period implied by the supplied timestamp. E.g. a value of 2014 would set the period end to be 2014-12-31T23:59:59 inclusive\u003c/p\u003e\n\u003c/div\u003e\u003c/td\u003e\u003c/tr\u003e\u003ctr\u003e\u003ctd\u003eIN\u003c/td\u003e\u003ctd\u003ereportType\u003c/td\u003e\u003ctd/\u003e\u003ctd\u003e0..1\u003c/td\u003e\u003ctd\u003e\u003ca href\u003d\"datatypes.html#code\"\u003ecode\u003c/a\u003e\u003c/td\u003e\u003ctd\u003e\u003ca href\u003d\"valueset-measure-report-evaluation-type.html\"\u003eMeasure Report Evaluation Type\u003c/a\u003e (Required)\u003c/td\u003e\u003ctd\u003e\u003cdiv\u003e\u003cp\u003eThe type of measure report: individual, subject-list, or summary. If not specified, a default value of individual will be used if the subject parameter is supplied, otherwise, summary will be used. NOTE: Implementations should support the use of \u003ccode\u003esubject\u003c/code\u003e for individual and \u003ccode\u003epopulation\u003c/code\u003e for summary for backwards compatibility with existing implementations.\u003c/p\u003e\n\u003c/div\u003e\u003c/td\u003e\u003c/tr\u003e\u003ctr\u003e\u003ctd\u003eIN\u003c/td\u003e\u003ctd\u003eprovider\u003c/td\u003e\u003ctd/\u003e\u003ctd\u003e0..1\u003c/td\u003e\u003ctd\u003e\u003ca href\u003d\"datatypes.html#string\"\u003estring\u003c/a\u003e\u003cbr/\u003e(\u003ca href\u003d\"search.html#reference\"\u003ereference\u003c/a\u003e)\u003c/td\u003e\u003ctd/\u003e\u003ctd\u003e\u003cdiv\u003e\u003cp\u003eThe provider for which the report will be run. This may be a reference to a Practitioner, PractitionerRole, or Organization. If specified, the measure will be calculated for subjects that have a primary relationship to the identified provider. How this relationship is determined is implementation-specific.\u003c/p\u003e\n\u003c/div\u003e\u003c/td\u003e\u003c/tr\u003e\u003ctr\u003e\u003ctd\u003eIN\u003c/td\u003e\u003ctd\u003elocation\u003c/td\u003e\u003ctd/\u003e\u003ctd\u003e0..1\u003c/td\u003e\u003ctd\u003e\u003ca href\u003d\"datatypes.html#string\"\u003estring\u003c/a\u003e\u003cbr/\u003e(\u003ca href\u003d\"search.html#reference\"\u003ereference\u003c/a\u003e)\u003c/td\u003e\u003ctd/\u003e\u003ctd\u003e\u003cdiv\u003e\u003cp\u003eThe location for which the report will be run.\u003c/p\u003e\n\u003c/div\u003e\u003c/td\u003e\u003c/tr\u003e\u003ctr\u003e\u003ctd\u003eIN\u003c/td\u003e\u003ctd\u003elastReceivedOn\u003c/td\u003e\u003ctd/\u003e\u003ctd\u003e0..1\u003c/td\u003e\u003ctd\u003e\u003ca href\u003d\"datatypes.html#dateTime\"\u003edateTime\u003c/a\u003e\u003c/td\u003e\u003ctd/\u003e\u003ctd\u003e\u003cdiv\u003e\u003cp\u003eThe date the results of this measure were last received. This parameter is only valid for patient-level reports and is used to indicate when the last time a result for this patient was received. This information can be used to limit the set of resources returned for a patient-level report\u003c/p\u003e\n\u003c/div\u003e\u003c/td\u003e\u003c/tr\u003e\u003ctr\u003e\u003ctd\u003eIN\u003c/td\u003e\u003ctd\u003eparameters\u003c/td\u003e\u003ctd/\u003e\u003ctd\u003e0..1\u003c/td\u003e\u003ctd\u003e\u003ca href\u003d\"parameters.html\"\u003eParameters\u003c/a\u003e\u003c/td\u003e\u003ctd/\u003e\u003ctd\u003e\u003cdiv\u003e\u003cp\u003eAny input parameters for the evaluation. Parameters defined in this input will be made available by name to the CQL expression. Parameter types are mapped to CQL as specified in the \u003ca href\u003d\"https://hl7.org/fhir/uv/cql/\"\u003eUsing CQL with FHIR\u003c/a\u003e implementation guide. If a parameter appears more than once in the input Parameters resource, it is represented with a List in the input CQL. If a parameter has parts, it is represented as a Tuple in the input CQL.\u003c/p\u003e\n\u003c/div\u003e\u003c/td\u003e\u003c/tr\u003e\u003ctr\u003e\u003ctd\u003eOUT\u003c/td\u003e\u003ctd\u003ereturn\u003c/td\u003e\u003ctd/\u003e\u003ctd\u003e0..*\u003c/td\u003e\u003ctd\u003e\u003ca href\u003d\"bundle.html\"\u003eBundle\u003c/a\u003e\u003c/td\u003e\u003ctd/\u003e\u003ctd\u003e\u003cdiv\u003e\u003cp\u003eThe results of the measure calculation. The result of this operation will be a Bundle for each input subject, where the first entry of the Bundle is a MeasureReport representing the results of the calculation, and subsequent entries in the Bundle are resources created and/or evaluated as part of the calculation. See the MeasureReport resource for a complete description of the output of this operation. Note that implementations may choose to return a MeasureReport with a status of pending to indicate that the report is still being generated. In this case, the client can use a polling method to continually request the MeasureReport until the status is updated to complete\u003c/p\u003e\n\u003c/div\u003e\u003c/td\u003e\u003c/tr\u003e\u003c/table\u003e\u003cdiv\u003e\u003cp\u003eThe effect of invoking this operation is to calculate the measure for the given subject(s), or all subjects if no subject is supplied. For individual and subject-list reports, the result is a set of Bundles, one for each evaluated subject, where the first entry in each bundle is a MeasureReport resource, and subsequent entries in the Bundle are resources evaluated or created as part of the measure evaluation. For the summary report, the result of this operation is a single bundle with a single MeasureReport of type summary. Note that whether or not this operation affects the state of the server depends on whether the server persists the generated MeasureReport. If the MeasureReport is not persisted, this operation can be invoked with GET\u003c/p\u003e\n\u003c/div\u003e\u003c/div\u003e"
  },
  "extension": [
    {
      "url": "http://hl7.org/fhir/StructureDefinition/structuredefinition-fmm",
      "valueInteger": 3
    },
    {
      "url": "http://hl7.org/fhir/StructureDefinition/structuredefinition-standards-status",
      "valueCode": "trial-use"
    },
    {
      "url": "http://hl7.org/fhir/StructureDefinition/structuredefinition-wg",
      "valueCode": "cqi"
    }
  ],
  "url": "http://hl7.org/fhir/OperationDefinition/Measure-evaluate",
  "version": "6.0.0-ballot3",
  "name": "Evaluate",
  "title": "Evaluate",
  "status": "draft",
  "kind": "operation",
  "experimental": false,
  "date": "2025-08-25T21:44:10+00:00",
  "publisher": "HL7 International / Clinical Quality Information",
  "contact": [
    {
      "telecom": [
        {
          "system": "url",
          "value": "http://hl7.org/fhir"
        },
        {
          "system": "email",
          "value": "fhir@lists.hl7.org"
        }
      ]
    },
    {
      "telecom": [
        {
          "system": "url",
          "value": "http://www.hl7.org/Special/committees/cqi"
        }
      ]
    }
  ],
  "description": "The evaluate operation processes the given Measure(s) to produce the corresponding MeasureReport(s). This operation expects that Measure resources used have a computable representation.",
  "jurisdiction": [
    {
      "coding": [
        {
          "system": "http://unstats.un.org/unsd/methods/m49/m49.htm",
          "code": "001",
          "display": "World"
        }
      ]
    }
  ],
  "affectsState": false,
  "code": "evaluate",
  "comment": "The effect of invoking this operation is to calculate the measure for the given subject(s), or all subjects if no subject is supplied. For individual and subject-list reports, the result is a set of Bundles, one for each evaluated subject, where the first entry in each bundle is a MeasureReport resource, and subsequent entries in the Bundle are resources evaluated or created as part of the measure evaluation. For the summary report, the result of this operation is a single bundle with a single MeasureReport of type summary. Note that whether or not this operation affects the state of the server depends on whether the server persists the generated MeasureReport. If the MeasureReport is not persisted, this operation can be invoked with GET",
  "resource": [
    "Measure"
  ],
  "system": false,
  "type": true,
  "instance": true,
  "parameter": [
    {
      "name": "measure",
      "use": "in",
      "scope": [
        "type"
      ],
      "min": 0,
      "max": "1",
      "documentation": "The measure to evaluate. If the operation is invoked at the instance level, this parameter is not allowed; if the operation is invoked at the type level, this parameter is required, or a url (and optionally version) must be supplied.",
      "type": "Measure"
    },
    {
      "name": "url",
      "use": "in",
      "scope": [
        "type"
      ],
      "min": 0,
      "max": "1",
      "documentation": "The url of the measure to be applied. If the operation is invoked at the instance level, this parameter is not allowed; if the operation is invoked at the type level, this parameter (and optionally the version), or the measure parameter must be supplied",
      "type": "canonical",
      "targetProfile": [
        "http://hl7.org/fhir/StructureDefinition/Measure"
      ]
    },
    {
      "name": "version",
      "use": "in",
      "scope": [
        "type"
      ],
      "min": 0,
      "max": "1",
      "documentation": "The version of the measure to be applied. If the operation is invoked at the instance level, this parameter is not allowed; if the operation is invoked at the type level, this parameter may only be used if the url parameter is supplied, and the version is not supplied with it.",
      "type": "string"
    },
    {
      "name": "subject",
      "use": "in",
      "min": 0,
      "max": "1",
      "documentation": "Subject for which the measure will be calculated. The subject may be a Patient, Practitioner, PractitionerRole, Organization, Location, Device, or Group. Subjects provided in this parameter will be resolved as the subject of the measure based on the type of the subject. If multiple subjects of the same type are provided, the behavior is implementation-defined",
      "type": "string",
      "searchType": "reference"
    },
    {
      "name": "periodStart",
      "use": "in",
      "min": 1,
      "max": "1",
      "documentation": "The start of the measurement period. In keeping with the semantics of the date parameter used in the FHIR search operation, the period will start at the beginning of the period implied by the supplied timestamp. E.g. a value of 2014 would set the period start to be 2014-01-01T00:00:00 inclusive",
      "type": "date"
    },
    {
      "name": "periodEnd",
      "use": "in",
      "min": 1,
      "max": "1",
      "documentation": "The end of the measurement period. The period will end at the end of the period implied by the supplied timestamp. E.g. a value of 2014 would set the period end to be 2014-12-31T23:59:59 inclusive",
      "type": "date"
    },
    {
      "name": "reportType",
      "use": "in",
      "min": 0,
      "max": "1",
      "documentation": "The type of measure report: individual, subject-list, or summary. If not specified, a default value of individual will be used if the subject parameter is supplied, otherwise, summary will be used. NOTE: Implementations should support the use of `subject` for individual and `population` for summary for backwards compatibility with existing implementations.",
      "type": "code",
      "binding": {
        "strength": "required",
        "valueSet": "http://hl7.org/fhir/ValueSet/measure-report-evaluation-type|6.0.0-ballot3"
      }
    },
    {
      "name": "provider",
      "use": "in",
      "min": 0,
      "max": "1",
      "documentation": "The provider for which the report will be run. This may be a reference to a Practitioner, PractitionerRole, or Organization. If specified, the measure will be calculated for subjects that have a primary relationship to the identified provider. How this relationship is determined is implementation-specific.",
      "type": "string",
      "searchType": "reference"
    },
    {
      "name": "location",
      "use": "in",
      "min": 0,
      "max": "1",
      "documentation": "The location for which the report will be run.",
      "type": "string",
      "searchType": "reference"
    },
    {
      "name": "lastReceivedOn",
      "use": "in",
      "min": 0,
      "max": "1",
      "documentation": "The date the results of this measure were last received. This parameter is only valid for patient-level reports and is used to indicate when the last time a result for this patient was received. This information can be used to limit the set of resources returned for a patient-level report",
      "type": "dateTime"
    },
    {
      "name": "parameters",
      "use": "in",
      "min": 0,
      "max": "1",
      "documentation": "Any input parameters for the evaluation. Parameters defined in this input will be made available by name to the CQL expression. Parameter types are mapped to CQL as specified in the [Using CQL with FHIR](https://hl7.org/fhir/uv/cql/) implementation guide. If a parameter appears more than once in the input Parameters resource, it is represented with a List in the input CQL. If a parameter has parts, it is represented as a Tuple in the input CQL.",
      "type": "Parameters"
    },
    {
      "name": "return",
      "use": "out",
      "min": 0,
      "max": "*",
      "documentation": "The results of the measure calculation. The result of this operation will be a Bundle for each input subject, where the first entry of the Bundle is a MeasureReport representing the results of the calculation, and subsequent entries in the Bundle are resources created and/or evaluated as part of the calculation. See the MeasureReport resource for a complete description of the output of this operation. Note that implementations may choose to return a MeasureReport with a status of pending to indicate that the report is still being generated. In this case, the client can use a polling method to continually request the MeasureReport until the status is updated to complete",
      "type": "Bundle"
    }
  ]
}