{
  "resourceType": "ConceptMap",
  "id": "sc-fm-status",
  "text": {
    "status": "generated",
    "div": "\u003cdiv xmlns\u003d\"http://www.w3.org/1999/xhtml\"\u003e\u003cp class\u003d\"res-header-id\"\u003e\u003cb\u003eGenerated Narrative: ConceptMap sc-fm-status\u003c/b\u003e\u003c/p\u003e\u003ca name\u003d\"sc-fm-status\"\u003e \u003c/a\u003e\u003ca name\u003d\"hcsc-fm-status\"\u003e \u003c/a\u003e\u003cp\u003eMapping from \u003ca href\u003d\"valueset-fm-status.html\"\u003eFinancial Resource Status Codes\u003c/a\u003e to \u003ca href\u003d\"valueset-resource-status.html\"\u003eCanonical Status Codes for FHIR Resources\u003c/a\u003e\u003c/p\u003e\u003cbr/\u003e\u003cp\u003e\u003cb\u003eGroup 1 \u003c/b\u003eMapping from \u003ca href\u003d\"codesystem-fm-status.html\"\u003eFinancial Resource Status Codes\u003c/a\u003e to \u003ca href\u003d\"codesystem-resource-status.html\"\u003eCanonical Status Codes for FHIR Resources\u003c/a\u003e\u003c/p\u003e\u003ctable class\u003d\"grid\"\u003e\u003ctr\u003e\u003ctd\u003e\u003cb\u003eSource Code\u003c/b\u003e\u003c/td\u003e\u003ctd\u003e\u003cb\u003eRelationship\u003c/b\u003e\u003c/td\u003e\u003ctd\u003e\u003cb\u003eTarget Code\u003c/b\u003e\u003c/td\u003e\u003c/tr\u003e\u003ctr\u003e\u003ctd\u003eentered-in-error\u003c/td\u003e\u003ctd\u003e\u003ca href\u003d\"codesystem-concept-map-relationship.html#equivalent\" title\u003d\"equivalent\"\u003eis equivalent to\u003c/a\u003e\u003c/td\u003e\u003ctd\u003eerror\u003c/td\u003e\u003c/tr\u003e\u003ctr\u003e\u003ctd\u003edraft\u003c/td\u003e\u003ctd\u003e\u003ca href\u003d\"codesystem-concept-map-relationship.html#equivalent\" title\u003d\"equivalent\"\u003eis equivalent to\u003c/a\u003e\u003c/td\u003e\u003ctd\u003edraft\u003c/td\u003e\u003c/tr\u003e\u003ctr\u003e\u003ctd\u003eactive\u003c/td\u003e\u003ctd\u003e\u003ca href\u003d\"codesystem-concept-map-relationship.html#equivalent\" title\u003d\"equivalent\"\u003eis equivalent to\u003c/a\u003e\u003c/td\u003e\u003ctd\u003eactive\u003c/td\u003e\u003c/tr\u003e\u003ctr\u003e\u003ctd\u003ecancelled\u003c/td\u003e\u003ctd\u003e\u003ca href\u003d\"codesystem-concept-map-relationship.html#equivalent\" title\u003d\"equivalent\"\u003eis equivalent to\u003c/a\u003e\u003c/td\u003e\u003ctd\u003eabandoned\u003c/td\u003e\u003c/tr\u003e\u003c/table\u003e\u003c/div\u003e"
  },
  "url": "http://hl7.org/fhir/ConceptMap/sc-fm-status",
  "version": "6.0.0-ballot3",
  "name": "FinancialResourceStatusCodesCanonicalMap",
  "title": "Canonical Mapping for \"Financial Resource Status Codes\"",
  "status": "draft",
  "experimental": false,
  "publisher": "Financial Management",
  "contact": [
    {
      "telecom": [
        {
          "system": "url",
          "value": "http://hl7.org/fhir"
        }
      ]
    }
  ],
  "description": "Canonical Mapping for \"This value set includes Status codes.\"",
  "jurisdiction": [
    {
      "coding": [
        {
          "system": "http://unstats.un.org/unsd/methods/m49/m49.htm",
          "code": "001",
          "display": "World"
        }
      ]
    }
  ],
  "sourceScopeCanonical": "http://hl7.org/fhir/ValueSet/fm-status",
  "targetScopeCanonical": "http://hl7.org/fhir/ValueSet/resource-status",
  "group": [
    {
      "source": "http://hl7.org/fhir/fm-status",
      "target": "http://hl7.org/fhir/resource-status",
      "element": [
        {
          "code": "entered-in-error",
          "target": [
            {
              "code": "error",
              "relationship": "equivalent"
            }
          ]
        },
        {
          "code": "draft",
          "target": [
            {
              "code": "draft",
              "relationship": "equivalent"
            }
          ]
        },
        {
          "code": "active",
          "target": [
            {
              "code": "active",
              "relationship": "equivalent"
            }
          ]
        },
        {
          "code": "cancelled",
          "target": [
            {
              "code": "abandoned",
              "relationship": "equivalent"
            }
          ]
        }
      ]
    }
  ]
}