{
  "resourceType": "ConceptMap",
  "id": "sc-report-status-codes",
  "text": {
    "status": "generated",
    "div": "\u003cdiv xmlns\u003d\"http://www.w3.org/1999/xhtml\"\u003e\u003cp class\u003d\"res-header-id\"\u003e\u003cb\u003eGenerated Narrative: ConceptMap sc-report-status-codes\u003c/b\u003e\u003c/p\u003e\u003ca name\u003d\"sc-report-status-codes\"\u003e \u003c/a\u003e\u003ca name\u003d\"hcsc-report-status-codes\"\u003e \u003c/a\u003e\u003cp\u003eMapping from \u003ca href\u003d\"valueset-report-status-codes.html\"\u003eTest Report Status\u003c/a\u003e to \u003ca href\u003d\"valueset-resource-status.html\"\u003eCanonical Status Codes for FHIR Resources\u003c/a\u003e\u003c/p\u003e\u003cbr/\u003e\u003cp\u003e\u003cb\u003eGroup 1 \u003c/b\u003eMapping from \u003ca href\u003d\"codesystem-report-status-codes.html\"\u003eTest Report Status\u003c/a\u003e to \u003ca href\u003d\"codesystem-resource-status.html\"\u003eCanonical Status Codes for FHIR Resources\u003c/a\u003e\u003c/p\u003e\u003ctable class\u003d\"grid\"\u003e\u003ctr\u003e\u003ctd\u003e\u003cb\u003eSource Code\u003c/b\u003e\u003c/td\u003e\u003ctd\u003e\u003cb\u003eRelationship\u003c/b\u003e\u003c/td\u003e\u003ctd\u003e\u003cb\u003eTarget Code\u003c/b\u003e\u003c/td\u003e\u003c/tr\u003e\u003ctr\u003e\u003ctd\u003eentered-in-error\u003c/td\u003e\u003ctd\u003e\u003ca href\u003d\"codesystem-concept-map-relationship.html#equivalent\" title\u003d\"equivalent\"\u003eis equivalent to\u003c/a\u003e\u003c/td\u003e\u003ctd\u003eerror\u003c/td\u003e\u003c/tr\u003e\u003ctr\u003e\u003ctd\u003ein-progress\u003c/td\u003e\u003ctd\u003e\u003ca href\u003d\"codesystem-concept-map-relationship.html#equivalent\" title\u003d\"equivalent\"\u003eis equivalent to\u003c/a\u003e\u003c/td\u003e\u003ctd\u003eactive\u003c/td\u003e\u003c/tr\u003e\u003ctr\u003e\u003ctd\u003ewaiting\u003c/td\u003e\u003ctd\u003e\u003ca href\u003d\"codesystem-concept-map-relationship.html#equivalent\" title\u003d\"equivalent\"\u003eis equivalent to\u003c/a\u003e\u003c/td\u003e\u003ctd\u003esuspended\u003c/td\u003e\u003c/tr\u003e\u003ctr\u003e\u003ctd\u003estopped\u003c/td\u003e\u003ctd\u003e\u003ca href\u003d\"codesystem-concept-map-relationship.html#equivalent\" title\u003d\"equivalent\"\u003eis equivalent to\u003c/a\u003e\u003c/td\u003e\u003ctd\u003efailed\u003c/td\u003e\u003c/tr\u003e\u003ctr\u003e\u003ctd\u003ecompleted\u003c/td\u003e\u003ctd\u003e\u003ca href\u003d\"codesystem-concept-map-relationship.html#equivalent\" title\u003d\"equivalent\"\u003eis equivalent to\u003c/a\u003e\u003c/td\u003e\u003ctd\u003ecomplete\u003c/td\u003e\u003c/tr\u003e\u003c/table\u003e\u003c/div\u003e"
  },
  "url": "http://hl7.org/fhir/ConceptMap/sc-report-status-codes",
  "version": "6.0.0-ballot3",
  "name": "TestReportStatusCanonicalMap",
  "title": "Canonical Mapping for \"Test Report Status\"",
  "status": "draft",
  "experimental": false,
  "date": "2020-12-28T05:55:11+00:00",
  "publisher": "HL7 (FHIR Project)",
  "contact": [
    {
      "telecom": [
        {
          "system": "url",
          "value": "http://hl7.org/fhir"
        },
        {
          "system": "email",
          "value": "fhir@lists.hl7.org"
        }
      ]
    }
  ],
  "description": "Canonical Mapping for \"The current status of the test report.\"",
  "jurisdiction": [
    {
      "coding": [
        {
          "system": "http://unstats.un.org/unsd/methods/m49/m49.htm",
          "code": "001",
          "display": "World"
        }
      ]
    }
  ],
  "sourceScopeCanonical": "http://hl7.org/fhir/ValueSet/report-status-codes",
  "targetScopeCanonical": "http://hl7.org/fhir/ValueSet/resource-status",
  "group": [
    {
      "source": "http://hl7.org/fhir/report-status-codes",
      "target": "http://hl7.org/fhir/resource-status",
      "element": [
        {
          "code": "entered-in-error",
          "target": [
            {
              "code": "error",
              "relationship": "equivalent"
            }
          ]
        },
        {
          "code": "in-progress",
          "target": [
            {
              "code": "active",
              "relationship": "equivalent"
            }
          ]
        },
        {
          "code": "waiting",
          "target": [
            {
              "code": "suspended",
              "relationship": "equivalent"
            }
          ]
        },
        {
          "code": "stopped",
          "target": [
            {
              "code": "failed",
              "relationship": "equivalent"
            }
          ]
        },
        {
          "code": "completed",
          "target": [
            {
              "code": "complete",
              "relationship": "equivalent"
            }
          ]
        }
      ]
    }
  ]
}