{
  "resourceType": "ConceptMap",
  "id": "sc-deviceusage-status",
  "text": {
    "status": "generated",
    "div": "\u003cdiv xmlns\u003d\"http://www.w3.org/1999/xhtml\"\u003e\u003cp class\u003d\"res-header-id\"\u003e\u003cb\u003eGenerated Narrative: ConceptMap sc-deviceusage-status\u003c/b\u003e\u003c/p\u003e\u003ca name\u003d\"sc-deviceusage-status\"\u003e \u003c/a\u003e\u003ca name\u003d\"hcsc-deviceusage-status\"\u003e \u003c/a\u003e\u003cp\u003eMapping from \u003ca href\u003d\"valueset-deviceusage-status.html\"\u003eDevice Usage Status\u003c/a\u003e to \u003ca href\u003d\"valueset-resource-status.html\"\u003eCanonical Status Codes for FHIR Resources\u003c/a\u003e\u003c/p\u003e\u003cbr/\u003e\u003cp\u003e\u003cb\u003eGroup 1 \u003c/b\u003eMapping from \u003ca href\u003d\"codesystem-deviceusage-status.html\"\u003eDevice Usage Status\u003c/a\u003e to \u003ca href\u003d\"codesystem-resource-status.html\"\u003eCanonical Status Codes for FHIR Resources\u003c/a\u003e\u003c/p\u003e\u003ctable class\u003d\"grid\"\u003e\u003ctr\u003e\u003ctd\u003e\u003cb\u003eSource Code\u003c/b\u003e\u003c/td\u003e\u003ctd\u003e\u003cb\u003eRelationship\u003c/b\u003e\u003c/td\u003e\u003ctd\u003e\u003cb\u003eTarget Code\u003c/b\u003e\u003c/td\u003e\u003c/tr\u003e\u003ctr\u003e\u003ctd\u003eentered-in-error\u003c/td\u003e\u003ctd\u003e\u003ca href\u003d\"codesystem-concept-map-relationship.html#equivalent\" title\u003d\"equivalent\"\u003eis equivalent to\u003c/a\u003e\u003c/td\u003e\u003ctd\u003eerror\u003c/td\u003e\u003c/tr\u003e\u003ctr\u003e\u003ctd\u003eintended\u003c/td\u003e\u003ctd\u003e\u003ca href\u003d\"codesystem-concept-map-relationship.html#equivalent\" title\u003d\"equivalent\"\u003eis equivalent to\u003c/a\u003e\u003c/td\u003e\u003ctd\u003eplanned\u003c/td\u003e\u003c/tr\u003e\u003ctr\u003e\u003ctd\u003eactive\u003c/td\u003e\u003ctd\u003e\u003ca href\u003d\"codesystem-concept-map-relationship.html#equivalent\" title\u003d\"equivalent\"\u003eis equivalent to\u003c/a\u003e\u003c/td\u003e\u003ctd\u003eactive\u003c/td\u003e\u003c/tr\u003e\u003ctr\u003e\u003ctd\u003eon-hold\u003c/td\u003e\u003ctd\u003e\u003ca href\u003d\"codesystem-concept-map-relationship.html#equivalent\" title\u003d\"equivalent\"\u003eis equivalent to\u003c/a\u003e\u003c/td\u003e\u003ctd\u003esuspended\u003c/td\u003e\u003c/tr\u003e\u003ctr\u003e\u003ctd\u003estopped\u003c/td\u003e\u003ctd\u003e\u003ca href\u003d\"codesystem-concept-map-relationship.html#equivalent\" title\u003d\"equivalent\"\u003eis equivalent to\u003c/a\u003e\u003c/td\u003e\u003ctd\u003efailed\u003c/td\u003e\u003c/tr\u003e\u003ctr\u003e\u003ctd\u003ecompleted\u003c/td\u003e\u003ctd\u003e\u003ca href\u003d\"codesystem-concept-map-relationship.html#equivalent\" title\u003d\"equivalent\"\u003eis equivalent to\u003c/a\u003e\u003c/td\u003e\u003ctd\u003ecomplete\u003c/td\u003e\u003c/tr\u003e\u003ctr\u003e\u003ctd\u003enot-done\u003c/td\u003e\u003ctd\u003e\u003ca href\u003d\"codesystem-concept-map-relationship.html#equivalent\" title\u003d\"equivalent\"\u003eis equivalent to\u003c/a\u003e\u003c/td\u003e\u003ctd\u003eabandoned\u003c/td\u003e\u003c/tr\u003e\u003c/table\u003e\u003c/div\u003e"
  },
  "url": "http://hl7.org/fhir/ConceptMap/sc-deviceusage-status",
  "version": "6.0.0-ballot3",
  "name": "DeviceUsageStatusCanonicalMap",
  "title": "Canonical Mapping for \"Device Usage Status\"",
  "status": "draft",
  "experimental": false,
  "date": "2020-12-28T05:55:11+00:00",
  "publisher": "HL7 (FHIR Project)",
  "contact": [
    {
      "telecom": [
        {
          "system": "url",
          "value": "http://hl7.org/fhir"
        },
        {
          "system": "email",
          "value": "fhir@lists.hl7.org"
        }
      ]
    }
  ],
  "description": "Canonical Mapping for \"A coded concept indicating the current status of the Device Usage.\"",
  "jurisdiction": [
    {
      "coding": [
        {
          "system": "http://unstats.un.org/unsd/methods/m49/m49.htm",
          "code": "001",
          "display": "World"
        }
      ]
    }
  ],
  "sourceScopeCanonical": "http://hl7.org/fhir/ValueSet/deviceusage-status",
  "targetScopeCanonical": "http://hl7.org/fhir/ValueSet/resource-status",
  "group": [
    {
      "source": "http://hl7.org/fhir/deviceusage-status",
      "target": "http://hl7.org/fhir/resource-status",
      "element": [
        {
          "code": "entered-in-error",
          "target": [
            {
              "code": "error",
              "relationship": "equivalent"
            }
          ]
        },
        {
          "code": "intended",
          "target": [
            {
              "code": "planned",
              "relationship": "equivalent"
            }
          ]
        },
        {
          "code": "active",
          "target": [
            {
              "code": "active",
              "relationship": "equivalent"
            }
          ]
        },
        {
          "code": "on-hold",
          "target": [
            {
              "code": "suspended",
              "relationship": "equivalent"
            }
          ]
        },
        {
          "code": "stopped",
          "target": [
            {
              "code": "failed",
              "relationship": "equivalent"
            }
          ]
        },
        {
          "code": "completed",
          "target": [
            {
              "code": "complete",
              "relationship": "equivalent"
            }
          ]
        },
        {
          "code": "not-done",
          "target": [
            {
              "code": "abandoned",
              "relationship": "equivalent"
            }
          ]
        }
      ]
    }
  ]
}