{
  "resourceType": "ValueSet",
  "id": "audit-event-type",
  "meta": {
    "lastUpdated": "2025-08-25T21:44:10.587+00:00",
    "profile": [
      "http://hl7.org/fhir/StructureDefinition/shareablevalueset"
    ]
  },
  "text": {
    "status": "generated",
    "div": "\u003cdiv xmlns\u003d\"http://www.w3.org/1999/xhtml\"\u003e\u003cp class\u003d\"res-header-id\"\u003e\u003cb\u003eGenerated Narrative: ValueSet audit-event-type\u003c/b\u003e\u003c/p\u003e\u003ca name\u003d\"audit-event-type\"\u003e \u003c/a\u003e\u003ca name\u003d\"hcaudit-event-type\"\u003e \u003c/a\u003e\u003cdiv style\u003d\"display: inline-block; background-color: #d9e0e7; padding: 6px; margin: 4px; border: 1px solid #8da1b4; border-radius: 5px; line-height: 60%\"\u003e\u003cp style\u003d\"margin-bottom: 0px\"/\u003e\u003cp style\u003d\"margin-bottom: 0px\"\u003eProfile: \u003ca href\u003d\"shareablevalueset.html\"\u003eShareable ValueSet\u003c/a\u003e\u003c/p\u003e\u003c/div\u003e\u003cp\u003eThis value set includes codes based on the following rules:\u003c/p\u003e\u003cul\u003e\u003cli\u003eInclude all codes defined in \u003ca href\u003d\"http://dicom.nema.org/resources/ontology/DCM\"\u003e\u003ccode\u003ehttp://dicom.nema.org/resources/ontology/DCM\u003c/code\u003e\u003c/a\u003e, where the codes are contained in \u003ca href\u003d\"http://dicom.nema.org/medical/dicom/current/output/chtml/part16/sect_CID_400.html\"\u003eAuditEventID\u003c/a\u003e\u003c/li\u003e\u003cli\u003eInclude all codes defined in \u003ca href\u003d\"http://terminology.hl7.org/6.5.0/CodeSystem-audit-event-type.html\"\u003e\u003ccode\u003ehttp://terminology.hl7.org/CodeSystem/audit-event-type\u003c/code\u003e\u003c/a\u003e\u003c/li\u003e\u003c/ul\u003e\u003c/div\u003e"
  },
  "extension": [
    {
      "url": "http://hl7.org/fhir/StructureDefinition/structuredefinition-wg",
      "valueCode": "sec"
    },
    {
      "url": "http://hl7.org/fhir/StructureDefinition/structuredefinition-standards-status",
      "valueCode": "draft"
    },
    {
      "url": "http://hl7.org/fhir/StructureDefinition/structuredefinition-fmm",
      "valueInteger": 1
    }
  ],
  "url": "http://hl7.org/fhir/ValueSet/audit-event-type",
  "identifier": [
    {
      "system": "urn:ietf:rfc:3986",
      "value": "urn:oid:2.16.840.1.113883.4.642.3.462"
    },
    {
      "use": "old",
      "system": "urn:ietf:rfc:3986",
      "value": "urn:oid:2.16.840.1.113883.4.642.3.455"
    },
    {
      "use": "old",
      "system": "urn:ietf:rfc:3986",
      "value": "urn:oid:2.16.840.1.113883.4.642.2.269"
    }
  ],
  "version": "6.0.0-ballot3",
  "name": "AuditEventID",
  "title": "Audit Event ID",
  "status": "active",
  "experimental": false,
  "date": "2020-08-04",
  "publisher": "HL7 International / Security",
  "contact": [
    {
      "telecom": [
        {
          "system": "url",
          "value": "http://www.hl7.org/Special/committees/secure"
        },
        {
          "system": "email",
          "value": "fhir@lists.hl7.org"
        }
      ]
    }
  ],
  "description": "Event Categories for Audit Events - defined by DICOM with some FHIR specific additions.",
  "jurisdiction": [
    {
      "coding": [
        {
          "system": "http://unstats.un.org/unsd/methods/m49/m49.htm",
          "code": "001",
          "display": "World"
        }
      ]
    }
  ],
  "copyright": "These codes are excerpted from Digital Imaging and Communications in Medicine (DICOM) Standard, Part 16: Content Mapping Resource, Copyright © 2011 by the National Electrical Manufacturers Association. Additional codes added by HL7 FHIR use-case analysis",
  "compose": {
    "include": [
      {
        "system": "http://dicom.nema.org/resources/ontology/DCM",
        "valueSet": [
          "http://dicom.nema.org/medical/dicom/current/output/chtml/part16/sect_CID_400.html"
        ]
      },
      {
        "system": "http://terminology.hl7.org/CodeSystem/audit-event-type"
      }
    ]
  }
}