{
  "resourceType": "ValueSet",
  "id": "genomicstudy-type",
  "meta": {
    "lastUpdated": "2025-08-25T16:44:10.587-05:00",
    "profile": [
      "http://hl7.org/fhir/StructureDefinition/shareablevalueset"
    ]
  },
  "text": {
    "status": "generated",
    "div": "\u003cdiv xmlns\u003d\"http://www.w3.org/1999/xhtml\"\u003e\n      \n      \n      \n      \u003cul\u003e\n        \n        \n        \n        \u003cli\u003eInclude type codes defined in \n          \n          \n          \n          \u003ca href\u003d\"http://hl7.org/fhir/genomicstudy-type\"\u003e\n            \n            \n            \n            \u003ccode\u003ehttp://hl7.org/fhir/genomicstudy-type\u003c/code\u003e\n          \n          \n          \n          \u003c/a\u003e\n        \n        \n        \n        \u003c/li\u003e\n      \n      \n      \n      \u003c/ul\u003e\n    \n    \n    \n    \u003c/div\u003e"
  },
  "extension": [
    {
      "url": "http://hl7.org/fhir/StructureDefinition/structuredefinition-wg",
      "valueCode": "cg"
    },
    {
      "url": "http://hl7.org/fhir/StructureDefinition/structuredefinition-standards-status",
      "valueCode": "trial-use"
    },
    {
      "url": "http://hl7.org/fhir/StructureDefinition/structuredefinition-fmm",
      "valueInteger": 1
    }
  ],
  "url": "http://hl7.org/fhir/ValueSet/genomicstudy-type",
  "identifier": [
    {
      "system": "urn:ietf:rfc:3986",
      "value": "urn:oid:2.16.840.1.113883.4.642.3.3082"
    }
  ],
  "version": "6.0.0-ballot3",
  "name": "GenomicStudyType",
  "title": "Genomic Study Type",
  "status": "draft",
  "experimental": false,
  "date": "2022-08-17T16:25:11-05:00",
  "publisher": "HL7 (FHIR Project)",
  "contact": [
    {
      "telecom": [
        {
          "system": "url",
          "value": "http://hl7.org/fhir"
        },
        {
          "system": "email",
          "value": "fhir@lists.hl7.org"
        }
      ]
    }
  ],
  "description": "The type of the GenomicStudy.",
  "jurisdiction": [
    {
      "coding": [
        {
          "system": "http://unstats.un.org/unsd/methods/m49/m49.htm",
          "code": "001",
          "display": "World"
        }
      ]
    }
  ],
  "immutable": false,
  "compose": {
    "include": [
      {
        "system": "http://hl7.org/fhir/genomicstudy-type"
      }
    ]
  }
}