{
  "resourceType": "ValueSet",
  "id": "observation-vitalsign-systolicbp",
  "meta": {
    "lastUpdated": "2025-08-25T21:44:10.587+00:00",
    "profile": [
      "http://hl7.org/fhir/StructureDefinition/shareablevalueset"
    ]
  },
  "text": {
    "status": "generated",
    "div": "\u003cdiv xmlns\u003d\"http://www.w3.org/1999/xhtml\"\u003e\u003cp class\u003d\"res-header-id\"\u003e\u003cb\u003eGenerated Narrative: ValueSet observation-vitalsign-systolicbp\u003c/b\u003e\u003c/p\u003e\u003ca name\u003d\"observation-vitalsign-systolicbp\"\u003e \u003c/a\u003e\u003ca name\u003d\"hcobservation-vitalsign-systolicbp\"\u003e \u003c/a\u003e\u003cdiv style\u003d\"display: inline-block; background-color: #d9e0e7; padding: 6px; margin: 4px; border: 1px solid #8da1b4; border-radius: 5px; line-height: 60%\"\u003e\u003cp style\u003d\"margin-bottom: 0px\"/\u003e\u003cp style\u003d\"margin-bottom: 0px\"\u003eProfile: \u003ca href\u003d\"shareablevalueset.html\"\u003eShareable ValueSet\u003c/a\u003e\u003c/p\u003e\u003c/div\u003e\u003cul\u003e\u003cli\u003eInclude codes from\u003ca href\u003d\"http://loinc.org\"\u003e\u003ccode\u003ehttp://loinc.org\u003c/code\u003e\u003c/a\u003e where COMPONENT  in LP72836-7,LP304522-8,LP304524-4,LP304523-6,LP304513-7, PROPERTY  \u003d LP6847-0 (Pres), TIME_ASPCT  \u003d LP6960-1 (Pt), SYSTEM  \u003d LP7034-4 (Arterial system) and SCALE_TYP  \u003d LP7753-9 (Qn)\u003c/li\u003e\u003c/ul\u003e\u003c/div\u003e"
  },
  "extension": [
    {
      "url": "http://hl7.org/fhir/StructureDefinition/structuredefinition-wg",
      "valueCode": "oo"
    }
  ],
  "url": "http://hl7.org/fhir/ValueSet/observation-vitalsign-systolicbp",
  "version": "6.0.0-ballot3",
  "name": "VitalSignsSystolicBP",
  "title": "Vital Signs - Systolic BP",
  "status": "active",
  "experimental": false,
  "publisher": "FHIR project team",
  "contact": [
    {
      "telecom": [
        {
          "system": "url",
          "value": "http://hl7.org/fhir"
        }
      ]
    }
  ],
  "description": "This value set defines the set of LOINC codes considered to be appropriate for representing an arterial systolic BP vital sign measurement in Observation.component.code.",
  "jurisdiction": [
    {
      "coding": [
        {
          "system": "http://unstats.un.org/unsd/methods/m49/m49.htm",
          "code": "001",
          "display": "World"
        }
      ]
    }
  ],
  "copyright": "This content from LOINC® is copyright © 1995 Regenstrief Institute, Inc. and the LOINC Committee, and available at no cost under the license at http://loinc.org/terms-of-use",
  "compose": {
    "include": [
      {
        "system": "http://loinc.org",
        "filter": [
          {
            "property": "COMPONENT",
            "op": "in",
            "value": "LP72836-7,LP304522-8,LP304524-4,LP304523-6,LP304513-7"
          },
          {
            "property": "PROPERTY",
            "op": "\u003d",
            "value": "LP6847-0"
          },
          {
            "property": "TIME_ASPCT",
            "op": "\u003d",
            "value": "LP6960-1"
          },
          {
            "property": "SYSTEM",
            "op": "\u003d",
            "value": "LP7034-4"
          },
          {
            "property": "SCALE_TYP",
            "op": "\u003d",
            "value": "LP7753-9"
          }
        ]
      }
    ]
  }
}