{
  "resourceType": "ValueSet",
  "id": "biologicallyderivedproductdispense-origin-relationship",
  "meta": {
    "lastUpdated": "2025-08-25T21:44:10.587+00:00",
    "profile": [
      "http://hl7.org/fhir/StructureDefinition/shareablevalueset"
    ]
  },
  "text": {
    "status": "generated",
    "div": "\u003cdiv xmlns\u003d\"http://www.w3.org/1999/xhtml\"\u003e\n      \u003cul\u003e\n        \u003cli\u003eInclude all codes defined in \n          \u003ca href\u003d\"CodeSystem-biologicallyderivedproductdispense-performer-function.html\"\u003e\n            \u003ccode\u003ehttp://hl7.org/fhir/biologicallyderivedproductdispense-origin-relationship\u003c/code\u003e\n          \u003c/a\u003e\n        \u003c/li\u003e\n      \u003c/ul\u003e\n    \u003c/div\u003e"
  },
  "extension": [
    {
      "url": "http://hl7.org/fhir/StructureDefinition/structuredefinition-wg",
      "valueCode": "oo"
    },
    {
      "url": "http://hl7.org/fhir/StructureDefinition/structuredefinition-standards-status",
      "valueCode": "draft"
    },
    {
      "url": "http://hl7.org/fhir/StructureDefinition/structuredefinition-fmm",
      "valueInteger": 1
    }
  ],
  "url": "http://hl7.org/fhir/ValueSet/biologicallyderivedproductdispense-origin-relationship",
  "version": "6.0.0-ballot3",
  "name": "BiologicallyDerivedProductDispenseOriginRelationship",
  "title": "Biologically Derived Product Dispense Origin Relationship",
  "status": "active",
  "experimental": false,
  "date": "2023-01-29T21:19:50+01:00",
  "publisher": "HL7 (FHIR Project)",
  "contact": [
    {
      "telecom": [
        {
          "system": "url",
          "value": "http://hl7.org/fhir"
        },
        {
          "system": "email",
          "value": "fhir@lists.hl7.org"
        }
      ]
    }
  ],
  "description": "Biologically Derived Product Dispense Origin Relationship.",
  "jurisdiction": [
    {
      "coding": [
        {
          "system": "http://unstats.un.org/unsd/methods/m49/m49.htm",
          "code": "001",
          "display": "World"
        }
      ]
    }
  ],
  "compose": {
    "include": [
      {
        "system": "http://hl7.org/fhir/CodeSystem/biologicallyderivedproductdispense-origin-relationship"
      }
    ]
  }
}