{
  "resourceType": "ValueSet",
  "id": "adverse-event-participant-function",
  "meta": {
    "lastUpdated": "2025-08-25T21:44:10.587+00:00",
    "profile": [
      "http://hl7.org/fhir/StructureDefinition/shareablevalueset"
    ]
  },
  "text": {
    "status": "extensions",
    "div": "\u003cdiv xmlns\u003d\"http://www.w3.org/1999/xhtml\"\u003e\u003cp class\u003d\"res-header-id\"\u003e\u003cb\u003eGenerated Narrative: ValueSet adverse-event-participant-function\u003c/b\u003e\u003c/p\u003e\u003ca name\u003d\"adverse-event-participant-function\"\u003e \u003c/a\u003e\u003ca name\u003d\"hcadverse-event-participant-function\"\u003e \u003c/a\u003e\u003cdiv style\u003d\"display: inline-block; background-color: #d9e0e7; padding: 6px; margin: 4px; border: 1px solid #8da1b4; border-radius: 5px; line-height: 60%\"\u003e\u003cp style\u003d\"margin-bottom: 0px\"/\u003e\u003cp style\u003d\"margin-bottom: 0px\"\u003eProfile: \u003ca href\u003d\"shareablevalueset.html\"\u003eShareable ValueSet\u003c/a\u003e\u003c/p\u003e\u003c/div\u003e\u003cul\u003e\u003cli\u003eInclude these codes as defined in \u003ca href\u003d\"http://terminology.hl7.org/6.5.0/CodeSystem-v3-ParticipationType.html\"\u003e\u003ccode\u003ehttp://terminology.hl7.org/CodeSystem/v3-ParticipationType\u003c/code\u003e\u003c/a\u003e\u003ctable class\u003d\"none\"\u003e\u003ctr\u003e\u003ctd style\u003d\"white-space:nowrap\"\u003e\u003cb\u003eCode\u003c/b\u003e\u003c/td\u003e\u003ctd\u003e\u003cb\u003eDisplay\u003c/b\u003e\u003c/td\u003e\u003ctd\u003e\u003cb\u003eDefinition\u003c/b\u003e\u003c/td\u003e\u003c/tr\u003e\u003ctr\u003e\u003ctd\u003e\u003ca href\u003d\"http://terminology.hl7.org/6.5.0/CodeSystem-v3-ParticipationType.html#v3-ParticipationType-INF\"\u003eINF\u003c/a\u003e\u003c/td\u003e\u003ctd style\u003d\"color: #cccccc\"\u003einformant\u003c/td\u003e\u003ctd\u003eA source of reported information (e.g., a next of kin who answers questions about the patient\u0027s history). For history questions, the patient is logically an informant, yet the informant of history questions is implicitly the subject.\u003c/td\u003e\u003c/tr\u003e\u003ctr\u003e\u003ctd\u003e\u003ca href\u003d\"http://terminology.hl7.org/6.5.0/CodeSystem-v3-ParticipationType.html#v3-ParticipationType-PART\"\u003ePART\u003c/a\u003e\u003c/td\u003e\u003ctd style\u003d\"color: #cccccc\"\u003eParticipation\u003c/td\u003e\u003ctd\u003eIndicates that the target of the participation is involved in some manner in the act, but does not qualify how.\u003c/td\u003e\u003c/tr\u003e\u003ctr\u003e\u003ctd\u003e\u003ca href\u003d\"http://terminology.hl7.org/6.5.0/CodeSystem-v3-ParticipationType.html#v3-ParticipationType-WIT\"\u003eWIT\u003c/a\u003e\u003c/td\u003e\u003ctd style\u003d\"color: #cccccc\"\u003ewitness\u003c/td\u003e\u003ctd\u003eOnly with service events. A person witnessing the action happening without doing anything. A witness is not necessarily aware, much less approves of anything stated in the service event. Example for a witness is students watching an operation or an advanced directive witness.\u003c/td\u003e\u003c/tr\u003e\u003ctr\u003e\u003ctd\u003e\u003ca href\u003d\"http://terminology.hl7.org/6.5.0/CodeSystem-v3-ParticipationType.html#v3-ParticipationType-AUT\"\u003eAUT\u003c/a\u003e\u003c/td\u003e\u003ctd style\u003d\"color: #cccccc\"\u003eauthor (originator)\u003c/td\u003e\u003ctd\u003e**Definition:** A party that originates the Act and therefore has responsibility for the information given in the Act and ownership of this Act.\u003cbr/\u003e\u003cbr/\u003e**Example:** the report writer, the person writing the act definition, the guideline author, the placer of an order, the EKG cart (device) creating a report etc. Every Act should have an author. Authorship is regardless of mood always actual authorship.\u003cbr/\u003e\u003cbr/\u003eExamples of such policies might include:\u003cbr/\u003e\u003cbr/\u003e *  The author and anyone they explicitly delegate may update the report;\u003cbr/\u003e *  All administrators within the same clinic may cancel and reschedule appointments created by other administrators within that clinic;\u003cbr/\u003e\u003cbr/\u003eA party that is neither an author nor a party who is extended authorship maintenance rights by policy, may only amend, reverse, override, replace, or follow up in other ways on this Act, whereby the Act remains intact and is linked to another Act authored by that other party.\u003c/td\u003e\u003c/tr\u003e\u003c/table\u003e\u003c/li\u003e\u003c/ul\u003e\u003c/div\u003e"
  },
  "extension": [
    {
      "url": "http://hl7.org/fhir/StructureDefinition/structuredefinition-wg",
      "valueCode": "pc"
    },
    {
      "url": "http://hl7.org/fhir/StructureDefinition/structuredefinition-standards-status",
      "valueCode": "draft"
    },
    {
      "url": "http://hl7.org/fhir/StructureDefinition/structuredefinition-fmm",
      "valueInteger": 1
    }
  ],
  "url": "http://hl7.org/fhir/ValueSet/adverse-event-participant-function",
  "identifier": [
    {
      "system": "urn:ietf:rfc:3986",
      "value": "urn:oid:2.16.840.1.113883.4.642.3.3235"
    }
  ],
  "version": "6.0.0-ballot3",
  "name": "AdverseEventParticipantFunction",
  "title": "AdverseEvent Participant Function",
  "status": "draft",
  "experimental": false,
  "publisher": "FHIR Project team",
  "contact": [
    {
      "telecom": [
        {
          "system": "url",
          "value": "http://hl7.org/fhir"
        }
      ]
    }
  ],
  "description": "This value set includes codes that describe the type of involvement of the actor in the adverse event.",
  "jurisdiction": [
    {
      "coding": [
        {
          "system": "http://unstats.un.org/unsd/methods/m49/m49.htm",
          "code": "001",
          "display": "World"
        }
      ]
    }
  ],
  "compose": {
    "include": [
      {
        "system": "http://terminology.hl7.org/CodeSystem/v3-ParticipationType",
        "concept": [
          {
            "code": "INF"
          },
          {
            "code": "PART"
          },
          {
            "code": "WIT"
          },
          {
            "code": "AUT"
          }
        ]
      }
    ]
  }
}