{
  "resourceType": "ValueSet",
  "id": "biologicallyderived-productcodes",
  "meta": {
    "lastUpdated": "2025-08-25T21:44:10.587+00:00",
    "profile": [
      "http://hl7.org/fhir/StructureDefinition/shareablevalueset"
    ]
  },
  "text": {
    "status": "generated",
    "div": "\u003cdiv xmlns\u003d\"http://www.w3.org/1999/xhtml\"\u003e\u003cp class\u003d\"res-header-id\"\u003e\u003cb\u003eGenerated Narrative: ValueSet biologicallyderived-productcodes\u003c/b\u003e\u003c/p\u003e\u003ca name\u003d\"biologicallyderived-productcodes\"\u003e \u003c/a\u003e\u003ca name\u003d\"hcbiologicallyderived-productcodes\"\u003e \u003c/a\u003e\u003cdiv style\u003d\"display: inline-block; background-color: #d9e0e7; padding: 6px; margin: 4px; border: 1px solid #8da1b4; border-radius: 5px; line-height: 60%\"\u003e\u003cp style\u003d\"margin-bottom: 0px\"/\u003e\u003cp style\u003d\"margin-bottom: 0px\"\u003eProfile: \u003ca href\u003d\"shareablevalueset.html\"\u003eShareable ValueSet\u003c/a\u003e\u003c/p\u003e\u003c/div\u003e\u003cul\u003e\u003cli\u003eInclude all codes defined in \u003ca href\u003d\"codesystem-biologicallyderived-productcodes.html\"\u003e\u003ccode\u003ehttp://hl7.org/fhir/biologicallyderived-productcodes\u003c/code\u003e\u003c/a\u003e\u003c/li\u003e\u003c/ul\u003e\u003c/div\u003e"
  },
  "extension": [
    {
      "url": "http://hl7.org/fhir/StructureDefinition/structuredefinition-wg",
      "valueCode": "oo"
    },
    {
      "url": "http://hl7.org/fhir/StructureDefinition/structuredefinition-standards-status",
      "valueCode": "draft"
    },
    {
      "url": "http://hl7.org/fhir/StructureDefinition/structuredefinition-fmm",
      "valueInteger": 1
    }
  ],
  "url": "http://hl7.org/fhir/ValueSet/biologicallyderived-productcodes",
  "identifier": [
    {
      "system": "urn:ietf:rfc:3986",
      "value": "urn:oid:2.16.840.1.113883.4.642.3.3125"
    }
  ],
  "version": "6.0.0-ballot3",
  "name": "BiologicallyDerivedProductCodes",
  "title": "Biologically Derived Product Codes",
  "status": "active",
  "experimental": false,
  "date": "2020-12-28T16:55:11+11:00",
  "publisher": "HL7 (FHIR Project)",
  "contact": [
    {
      "telecom": [
        {
          "system": "url",
          "value": "http://hl7.org/fhir"
        },
        {
          "system": "email",
          "value": "fhir@lists.hl7.org"
        }
      ]
    }
  ],
  "description": "This value set enumerates ISBT 128 Product Description Codes© published by ICCBBA as a part of the ISBT 128 standard. These codes support characterization and classification of medical products of human origin inclusive of processing conditions such as additives, volumes and handling conditions.",
  "jurisdiction": [
    {
      "coding": [
        {
          "system": "http://unstats.un.org/unsd/methods/m49/m49.htm",
          "code": "001",
          "display": "World"
        }
      ]
    }
  ],
  "immutable": false,
  "copyright": "This content from ICCBBA® is copyright © 2021 ICCBBA.",
  "compose": {
    "include": [
      {
        "system": "http://hl7.org/fhir/biologicallyderived-productcodes"
      }
    ]
  }
}