{
  "resourceType": "ValueSet",
  "id": "jurisdiction",
  "meta": {
    "lastUpdated": "2025-08-25T21:44:10.587+00:00",
    "profile": [
      "http://hl7.org/fhir/StructureDefinition/shareablevalueset"
    ]
  },
  "text": {
    "status": "generated",
    "div": "\u003cdiv xmlns\u003d\"http://www.w3.org/1999/xhtml\"\u003e\u003cp class\u003d\"res-header-id\"\u003e\u003cb\u003eGenerated Narrative: ValueSet jurisdiction\u003c/b\u003e\u003c/p\u003e\u003ca name\u003d\"jurisdiction\"\u003e \u003c/a\u003e\u003ca name\u003d\"hcjurisdiction\"\u003e \u003c/a\u003e\u003cdiv style\u003d\"display: inline-block; background-color: #d9e0e7; padding: 6px; margin: 4px; border: 1px solid #8da1b4; border-radius: 5px; line-height: 60%\"\u003e\u003cp style\u003d\"margin-bottom: 0px\"/\u003e\u003cp style\u003d\"margin-bottom: 0px\"\u003eProfile: \u003ca href\u003d\"shareablevalueset.html\"\u003eShareable ValueSet\u003c/a\u003e\u003c/p\u003e\u003c/div\u003e\u003cp\u003eThis value set includes codes based on the following rules:\u003c/p\u003e\u003cul\u003e\u003cli\u003eInclude all codes defined in \u003ca href\u003d\"http://terminology.hl7.org/6.5.0/CodeSystem-ISO3166Part1.html\"\u003e\u003ccode\u003eurn:iso:std:iso:3166\u003c/code\u003e\u003c/a\u003e\u003c/li\u003e\u003cli\u003eInclude all codes defined in \u003ca href\u003d\"http://terminology.hl7.org/6.5.0/CodeSystem-ISO3166Part2.html\"\u003e\u003ccode\u003eurn:iso:std:iso:3166:-2\u003c/code\u003e\u003c/a\u003e\u003c/li\u003e\u003cli\u003eInclude codes from\u003ccode\u003ehttp://unstats.un.org/unsd/methods/m49/m49.htm\u003c/code\u003e where class  \u003d region\u003c/li\u003e\u003c/ul\u003e\u003c/div\u003e"
  },
  "extension": [
    {
      "url": "http://hl7.org/fhir/StructureDefinition/structuredefinition-wg",
      "valueCode": "vocab"
    },
    {
      "url": "http://hl7.org/fhir/StructureDefinition/structuredefinition-standards-status",
      "valueCode": "deprecated"
    },
    {
      "url": "http://hl7.org/fhir/StructureDefinition/structuredefinition-fmm",
      "valueInteger": 5
    }
  ],
  "url": "http://hl7.org/fhir/ValueSet/jurisdiction",
  "identifier": [
    {
      "system": "urn:ietf:rfc:3986",
      "value": "urn:oid:2.16.840.1.113883.4.642.3.48"
    }
  ],
  "version": "6.0.0-ballot3",
  "name": "JurisdictionValueSet",
  "title": "Jurisdiction ValueSet",
  "status": "draft",
  "experimental": false,
  "date": "2025-08-25T21:44:10+00:00",
  "publisher": "HL7 International / Terminology Infrastructure",
  "contact": [
    {
      "telecom": [
        {
          "system": "url",
          "value": "http://hl7.org/fhir"
        }
      ]
    },
    {
      "telecom": [
        {
          "system": "url",
          "value": "http://www.hl7.org/Special/committees/Vocab"
        }
      ]
    }
  ],
  "description": "This value set defines a base set of codes for country, country subdivision and region    for indicating where a resource is intended to be used.   \r\n   \r\n   Note: The codes for countries and country subdivisions are taken from    [ISO 3166](https://www.iso.org/iso-3166-country-codes.html)    while the codes for \"supra-national\" regions are from    [UN Standard country or area codes for statistical use (M49)](http://unstats.un.org/unsd/methods/m49/m49.htm).",
  "jurisdiction": [
    {
      "coding": [
        {
          "system": "http://unstats.un.org/unsd/methods/m49/m49.htm",
          "code": "001",
          "display": "World"
        }
      ]
    }
  ],
  "compose": {
    "include": [
      {
        "system": "urn:iso:std:iso:3166"
      },
      {
        "system": "urn:iso:std:iso:3166:-2"
      },
      {
        "system": "http://unstats.un.org/unsd/methods/m49/m49.htm",
        "filter": [
          {
            "property": "class",
            "op": "\u003d",
            "value": "region"
          }
        ]
      }
    ]
  }
}