{
  "resourceType": "ValueSet",
  "id": "device-versiontype",
  "meta": {
    "lastUpdated": "2025-08-25T21:44:10.587+00:00",
    "profile": [
      "http://hl7.org/fhir/StructureDefinition/shareablevalueset"
    ]
  },
  "text": {
    "status": "generated",
    "div": "\u003cdiv xmlns\u003d\"http://www.w3.org/1999/xhtml\"\u003e\u003cp class\u003d\"res-header-id\"\u003e\u003cb\u003eGenerated Narrative: ValueSet device-versiontype\u003c/b\u003e\u003c/p\u003e\u003ca name\u003d\"device-versiontype\"\u003e \u003c/a\u003e\u003ca name\u003d\"hcdevice-versiontype\"\u003e \u003c/a\u003e\u003cdiv style\u003d\"display: inline-block; background-color: #d9e0e7; padding: 6px; margin: 4px; border: 1px solid #8da1b4; border-radius: 5px; line-height: 60%\"\u003e\u003cp style\u003d\"margin-bottom: 0px\"/\u003e\u003cp style\u003d\"margin-bottom: 0px\"\u003eProfile: \u003ca href\u003d\"shareablevalueset.html\"\u003eShareable ValueSet\u003c/a\u003e\u003c/p\u003e\u003c/div\u003e\u003cul\u003e\u003cli\u003eInclude these codes as defined in \u003ca href\u003d\"http://terminology.hl7.org/6.5.0/CodeSystem-v3-mdc.html\"\u003e\u003ccode\u003eurn:iso:std:iso:11073:10101\u003c/code\u003e\u003c/a\u003e\u003ctable class\u003d\"none\"\u003e\u003ctr\u003e\u003ctd style\u003d\"white-space:nowrap\"\u003e\u003cb\u003eCode\u003c/b\u003e\u003c/td\u003e\u003ctd\u003e\u003cb\u003eDisplay\u003c/b\u003e\u003c/td\u003e\u003c/tr\u003e\u003ctr\u003e\u003ctd\u003e531974\u003c/td\u003e\u003ctd\u003eHardware revision\u003c/td\u003e\u003c/tr\u003e\u003ctr\u003e\u003ctd\u003e531975\u003c/td\u003e\u003ctd\u003eSoftware revision\u003c/td\u003e\u003c/tr\u003e\u003ctr\u003e\u003ctd\u003e531976\u003c/td\u003e\u003ctd\u003eFirmware revision\u003c/td\u003e\u003c/tr\u003e\u003ctr\u003e\u003ctd\u003e531977\u003c/td\u003e\u003ctd\u003eProtocol revision\u003c/td\u003e\u003c/tr\u003e\u003ctr\u003e\u003ctd\u003e532352\u003c/td\u003e\u003ctd\u003eContinua version\u003c/td\u003e\u003c/tr\u003e\u003c/table\u003e\u003c/li\u003e\u003c/ul\u003e\u003c/div\u003e"
  },
  "extension": [
    {
      "url": "http://hl7.org/fhir/StructureDefinition/structuredefinition-wg",
      "valueCode": "oo"
    },
    {
      "url": "http://hl7.org/fhir/StructureDefinition/structuredefinition-standards-status",
      "valueCode": "draft"
    },
    {
      "url": "http://hl7.org/fhir/StructureDefinition/structuredefinition-fmm",
      "valueInteger": 1
    }
  ],
  "url": "http://hl7.org/fhir/ValueSet/device-versiontype",
  "identifier": [
    {
      "system": "urn:ietf:rfc:3986",
      "value": "urn:oid:2.16.840.1.113883.4.642.3.3202"
    }
  ],
  "version": "6.0.0-ballot3",
  "name": "DeviceVersionType",
  "title": "Device Version Type",
  "status": "draft",
  "experimental": false,
  "publisher": "HL7 International",
  "description": "Describes the type of version",
  "jurisdiction": [
    {
      "coding": [
        {
          "system": "http://unstats.un.org/unsd/methods/m49/m49.htm",
          "code": "001",
          "display": "World"
        }
      ]
    }
  ],
  "compose": {
    "include": [
      {
        "system": "urn:iso:std:iso:11073:10101",
        "concept": [
          {
            "code": "531974",
            "display": "Hardware revision"
          },
          {
            "code": "531975",
            "display": "Software revision"
          },
          {
            "code": "531976",
            "display": "Firmware revision"
          },
          {
            "code": "531977",
            "display": "Protocol revision"
          },
          {
            "code": "532352",
            "display": "Continua version"
          }
        ]
      }
    ]
  }
}