{
  "resourceType": "ValueSet",
  "id": "example-cpt-all",
  "text": {
    "status": "generated",
    "div": "\u003cdiv xmlns\u003d\"http://www.w3.org/1999/xhtml\"\u003e\n      \u003cp class\u003d\"res-header-id\"\u003e\n        \u003cb\u003eGenerated Narrative: ValueSet example-cpt-all\u003c/b\u003e\n      \u003c/p\u003e\n      \u003ca name\u003d\"example-cpt-all\"\u003e \u003c/a\u003e\n      \u003ca name\u003d\"hcexample-cpt-all\"\u003e \u003c/a\u003e\n      \u003cul\u003e\n        \u003cli\u003eInclude all codes defined in \n          \u003ca href\u003d\"http://terminology.hl7.org/6.5.0/CodeSystem-CPT.html\"\u003e\n            \u003ccode\u003ehttp://www.ama-assn.org/go/cpt\u003c/code\u003e\n          \u003c/a\u003e\n        \u003c/li\u003e\n      \u003c/ul\u003e\n    \u003c/div\u003e"
  },
  "extension": [
    {
      "url": "http://hl7.org/fhir/StructureDefinition/structuredefinition-wg",
      "valueCode": "vocab"
    }
  ],
  "url": "http://hl7.org/fhir/ValueSet/example-cpt-all",
  "identifier": [
    {
      "system": "urn:ietf:rfc:3986",
      "value": "urn:oid:2.16.840.1.113883.4.642.3.3138"
    }
  ],
  "version": "6.0.0-ballot3",
  "name": "AllCPTCodes",
  "title": "All CPT codes",
  "status": "active",
  "experimental": true,
  "date": "2015-03-12",
  "publisher": "HL7 International / Terminology Infrastructure",
  "contact": [
    {
      "telecom": [
        {
          "system": "url",
          "value": "http://www.hl7.org/Special/committees/Vocab"
        }
      ]
    }
  ],
  "description": "A value set that includes all CPT codes",
  "useContext": [
    {
      "code": {
        "system": "http://example.org/fhir/CodeSystem/use-contexts",
        "code": "species"
      },
      "valueCodeableConcept": {
        "coding": [
          {
            "system": "http://snomed.info/sct",
            "code": "337915000",
            "display": "Homo sapiens (organism)"
          }
        ]
      }
    }
  ],
  "jurisdiction": [
    {
      "coding": [
        {
          "system": "urn:iso:std:iso:3166",
          "code": "US"
        }
      ]
    }
  ],
  "copyright": "CPT Copyright © 2014 American Medical Association. All rights reserved.",
  "compose": {
    "include": [
      {
        "system": "http://www.ama-assn.org/go/cpt"
      }
    ]
  }
}