{
  "resourceType": "ValueSet",
  "id": "specimen-processing-method",
  "meta": {
    "lastUpdated": "2025-08-25T21:44:10.587+00:00",
    "profile": [
      "http://hl7.org/fhir/StructureDefinition/shareablevalueset"
    ]
  },
  "text": {
    "status": "generated",
    "div": "\u003cdiv xmlns\u003d\"http://www.w3.org/1999/xhtml\"\u003e\u003cp class\u003d\"res-header-id\"\u003e\u003cb\u003eGenerated Narrative: ValueSet specimen-processing-method\u003c/b\u003e\u003c/p\u003e\u003ca name\u003d\"specimen-processing-method\"\u003e \u003c/a\u003e\u003ca name\u003d\"hcspecimen-processing-method\"\u003e \u003c/a\u003e\u003cdiv style\u003d\"display: inline-block; background-color: #d9e0e7; padding: 6px; margin: 4px; border: 1px solid #8da1b4; border-radius: 5px; line-height: 60%\"\u003e\u003cp style\u003d\"margin-bottom: 0px\"/\u003e\u003cp style\u003d\"margin-bottom: 0px\"\u003eProfile: \u003ca href\u003d\"shareablevalueset.html\"\u003eShareable ValueSet\u003c/a\u003e\u003c/p\u003e\u003c/div\u003e\u003cul\u003e\u003cli\u003eInclude codes from\u003ca href\u003d\"http://www.snomed.org/\"\u003e\u003ccode\u003ehttp://snomed.info/sct\u003c/code\u003e\u003c/a\u003e where concept  descends from 9265001 (Specimen processing)\u003c/li\u003e\u003c/ul\u003e\u003c/div\u003e"
  },
  "extension": [
    {
      "url": "http://hl7.org/fhir/StructureDefinition/structuredefinition-wg",
      "valueCode": "oo"
    },
    {
      "url": "http://hl7.org/fhir/StructureDefinition/structuredefinition-standards-status",
      "valueCode": "draft"
    },
    {
      "url": "http://hl7.org/fhir/StructureDefinition/structuredefinition-fmm",
      "valueInteger": 1
    }
  ],
  "url": "http://hl7.org/fhir/ValueSet/specimen-processing-method",
  "identifier": [
    {
      "system": "urn:ietf:rfc:3986",
      "value": "urn:oid:2.16.840.1.113883.4.642.3.3215"
    }
  ],
  "version": "6.0.0-ballot3",
  "name": "SpecimenProcessingMethod",
  "title": "Specimen Processing Method",
  "status": "draft",
  "experimental": false,
  "publisher": "FHIR Project team",
  "contact": [
    {
      "telecom": [
        {
          "system": "url",
          "value": "http://hl7.org/fhir"
        }
      ]
    }
  ],
  "description": "The technique that is used to perform the process or preserve the specimen. These are codes from SNOMED CT - provided as an exemplar value set.",
  "jurisdiction": [
    {
      "coding": [
        {
          "system": "http://unstats.un.org/unsd/methods/m49/m49.htm",
          "code": "001",
          "display": "World"
        }
      ]
    }
  ],
  "copyright": "This resource includes content from SNOMED Clinical Terms® (SNOMED CT®) which is copyright of the International Health Terminology Standards Development Organisation (IHTSDO). Implementers of these specifications must have the appropriate SNOMED CT Affiliate license - for more information contact http://www.snomed.org/snomed-ct/get-snomed-ct or info@snomed.org",
  "compose": {
    "include": [
      {
        "system": "http://snomed.info/sct",
        "filter": [
          {
            "property": "concept",
            "op": "descendent-of",
            "value": "9265001"
          }
        ]
      }
    ]
  }
}