{
  "resourceType": "ValueSet",
  "id": "risk-assessment-outcome",
  "meta": {
    "lastUpdated": "2025-08-25T21:44:10.587+00:00",
    "profile": [
      "http://hl7.org/fhir/StructureDefinition/shareablevalueset"
    ]
  },
  "text": {
    "status": "generated",
    "div": "\u003cdiv xmlns\u003d\"http://www.w3.org/1999/xhtml\"\u003e\u003cp class\u003d\"res-header-id\"\u003e\u003cb\u003eGenerated Narrative: ValueSet risk-assessment-outcome\u003c/b\u003e\u003c/p\u003e\u003ca name\u003d\"risk-assessment-outcome\"\u003e \u003c/a\u003e\u003ca name\u003d\"hcrisk-assessment-outcome\"\u003e \u003c/a\u003e\u003cdiv style\u003d\"display: inline-block; background-color: #d9e0e7; padding: 6px; margin: 4px; border: 1px solid #8da1b4; border-radius: 5px; line-height: 60%\"\u003e\u003cp style\u003d\"margin-bottom: 0px\"/\u003e\u003cp style\u003d\"margin-bottom: 0px\"\u003eProfile: \u003ca href\u003d\"shareablevalueset.html\"\u003eShareable ValueSet\u003c/a\u003e\u003c/p\u003e\u003c/div\u003e\u003cul\u003e\u003cli\u003eInclude all codes defined in \u003ca href\u003d\"codesystem-risk-assessment-outcome.html\"\u003e\u003ccode\u003ehttp://hl7.org/fhir/risk-assessment-outcome\u003c/code\u003e\u003c/a\u003e\u003c/li\u003e\u003c/ul\u003e\u003c/div\u003e"
  },
  "extension": [
    {
      "url": "http://hl7.org/fhir/StructureDefinition/structuredefinition-wg",
      "valueCode": "cds"
    },
    {
      "url": "http://hl7.org/fhir/StructureDefinition/structuredefinition-standards-status",
      "valueCode": "draft"
    },
    {
      "url": "http://hl7.org/fhir/StructureDefinition/structuredefinition-fmm",
      "valueInteger": 1
    }
  ],
  "url": "http://hl7.org/fhir/ValueSet/risk-assessment-outcome",
  "version": "6.0.0-ballot3",
  "name": "RiskAssessmentOutcome",
  "title": "Risk Assessment Outcome",
  "status": "active",
  "experimental": false,
  "publisher": "FHIR Project team",
  "contact": [
    {
      "telecom": [
        {
          "system": "url",
          "value": "http://hl7.org/fhir"
        }
      ]
    }
  ],
  "description": "Example value set illustrating possible codes for identifying the condition or other outcome; e.g. death, remission, amputation, infection, etc.",
  "jurisdiction": [
    {
      "coding": [
        {
          "system": "http://unstats.un.org/unsd/methods/m49/m49.htm",
          "code": "001",
          "display": "World"
        }
      ]
    }
  ],
  "compose": {
    "include": [
      {
        "system": "http://hl7.org/fhir/risk-assessment-outcome"
      }
    ]
  }
}