{
  "resourceType": "ValueSet",
  "id": "type-restful-interaction",
  "meta": {
    "lastUpdated": "2025-08-26T08:44:10.587+11:00",
    "profile": [
      "http://hl7.org/fhir/StructureDefinition/shareablevalueset"
    ]
  },
  "text": {
    "status": "extensions",
    "div": "\u003cdiv xmlns\u003d\"http://www.w3.org/1999/xhtml\"\u003e\n      \u003cul\u003e\n        \u003cli\u003eInclude these codes as defined in \n          \u003ca href\u003d\"codesystem-restful-interaction.html\"\u003e\n            \u003ccode\u003ehttp://hl7.org/fhir/restful-interaction\u003c/code\u003e\n          \u003c/a\u003e\n          \u003ctable class\u003d\"none\"\u003e\n            \u003ctr\u003e\n              \u003ctd style\u003d\"white-space:nowrap\"\u003e\n                \u003cb\u003eCode\u003c/b\u003e\n              \u003c/td\u003e\n              \u003ctd\u003e\n                \u003cb\u003eDisplay\u003c/b\u003e\n              \u003c/td\u003e\n              \u003ctd\u003e\n                \u003cb\u003eDefinition\u003c/b\u003e\n              \u003c/td\u003e\n            \u003c/tr\u003e\n            \u003ctr\u003e\n              \u003ctd\u003e\n                \u003ca href\u003d\"codesystem-restful-interaction.html#restful-interaction-read\"\u003eread\u003c/a\u003e\n              \u003c/td\u003e\n              \u003ctd\u003eread\u003c/td\u003e\n              \u003ctd\u003eRead the current state of the resource.\u003c/td\u003e\n            \u003c/tr\u003e\n            \u003ctr\u003e\n              \u003ctd\u003e\n                \u003ca href\u003d\"codesystem-restful-interaction.html#restful-interaction-vread\"\u003evread\u003c/a\u003e\n              \u003c/td\u003e\n              \u003ctd\u003evread\u003c/td\u003e\n              \u003ctd\u003eRead the state of a specific version of the resource.\u003c/td\u003e\n            \u003c/tr\u003e\n            \u003ctr\u003e\n              \u003ctd\u003e\n                \u003ca href\u003d\"codesystem-restful-interaction.html#restful-interaction-update\"\u003eupdate\u003c/a\u003e\n              \u003c/td\u003e\n              \u003ctd\u003eupdate\u003c/td\u003e\n              \u003ctd\u003eUpdate an existing resource by its id (or create it if it is new).\u003c/td\u003e\n            \u003c/tr\u003e\n            \u003ctr\u003e\n              \u003ctd\u003e\n                \u003ca href\u003d\"codesystem-restful-interaction.html#restful-interaction-update-conditional\"\u003eupdate-conditional\u003c/a\u003e\n              \u003c/td\u003e\n              \u003ctd\u003eupdate-conditional\u003c/td\u003e\n              \u003ctd\u003eUpdate an existing resource based on some identification criteria (or create it if it is new).\u003c/td\u003e\n            \u003c/tr\u003e\n            \u003ctr\u003e\n              \u003ctd\u003e\n                \u003ca href\u003d\"codesystem-restful-interaction.html#restful-interaction-patch\"\u003epatch\u003c/a\u003e\n              \u003c/td\u003e\n              \u003ctd\u003epatch\u003c/td\u003e\n              \u003ctd\u003eUpdate an existing resource by posting a set of changes to it.\u003c/td\u003e\n            \u003c/tr\u003e\n            \u003ctr\u003e\n              \u003ctd\u003e\n                \u003ca href\u003d\"codesystem-restful-interaction.html#restful-interaction-patch\"\u003epatch-conditional\u003c/a\u003e\n              \u003c/td\u003e\n              \u003ctd\u003epatch-conditional\u003c/td\u003e\n              \u003ctd\u003eUpdate an existing resource, based on some identification criteria, by posting a set of changes to it.\u003c/td\u003e\n            \u003c/tr\u003e\n            \u003ctr\u003e\n              \u003ctd\u003e\n                \u003ca href\u003d\"codesystem-restful-interaction.html#restful-interaction-delete\"\u003edelete\u003c/a\u003e\n              \u003c/td\u003e\n              \u003ctd\u003edelete\u003c/td\u003e\n              \u003ctd\u003eDelete a resource.\u003c/td\u003e\n            \u003c/tr\u003e\n            \u003ctr\u003e\n              \u003ctd\u003e\n                \u003ca href\u003d\"codesystem-restful-interaction.html#restful-interaction-delete-conditional-single\"\u003edelete-conditional-single\u003c/a\u003e\n              \u003c/td\u003e\n              \u003ctd\u003edelete-conditional-single\u003c/td\u003e\n              \u003ctd\u003eDelete a single resource based on some identification criteria.\u003c/td\u003e\n            \u003c/tr\u003e\n            \u003ctr\u003e\n              \u003ctd\u003e\n                \u003ca href\u003d\"codesystem-restful-interaction.html#restful-interaction-delete-conditional-multiple\"\u003edelete-conditional-multiple\u003c/a\u003e\n              \u003c/td\u003e\n              \u003ctd\u003edelete-conditional-multiple\u003c/td\u003e\n              \u003ctd\u003eDelete one or more resources based on some identification criteria.\u003c/td\u003e\n            \u003c/tr\u003e\n            \u003ctr\u003e\n              \u003ctd\u003e\n                \u003ca href\u003d\"codesystem-restful-interaction.html#restful-interaction-delete-history\"\u003edelete-history\u003c/a\u003e\n              \u003c/td\u003e\n              \u003ctd\u003edelete-history\u003c/td\u003e\n              \u003ctd\u003eDelete all historical versions of a resource.\u003c/td\u003e\n            \u003c/tr\u003e\n            \u003ctr\u003e\n              \u003ctd\u003e\n                \u003ca href\u003d\"codesystem-restful-interaction.html#restful-interaction-delete-history-version\"\u003edelete-history-version\u003c/a\u003e\n              \u003c/td\u003e\n              \u003ctd\u003edelete-history-version\u003c/td\u003e\n              \u003ctd\u003eDelete a specific version of a resource.\u003c/td\u003e\n            \u003c/tr\u003e\n            \u003ctr\u003e\n              \u003ctd\u003e\n                \u003ca href\u003d\"codesystem-restful-interaction.html#restful-interaction-history-instance\"\u003ehistory-instance\u003c/a\u003e\n              \u003c/td\u003e\n              \u003ctd\u003ehistory-instance\u003c/td\u003e\n              \u003ctd\u003eRetrieve the change history for a particular resource.\u003c/td\u003e\n            \u003c/tr\u003e\n            \u003ctr\u003e\n              \u003ctd\u003e\n                \u003ca href\u003d\"codesystem-restful-interaction.html#restful-interaction-history-type\"\u003ehistory-type\u003c/a\u003e\n              \u003c/td\u003e\n              \u003ctd\u003ehistory-type\u003c/td\u003e\n              \u003ctd\u003eRetrieve the change history for all resources of a particular type.\u003c/td\u003e\n            \u003c/tr\u003e\n            \u003ctr\u003e\n              \u003ctd\u003e\n                \u003ca href\u003d\"codesystem-restful-interaction.html#restful-interaction-create\"\u003ecreate\u003c/a\u003e\n              \u003c/td\u003e\n              \u003ctd\u003ecreate\u003c/td\u003e\n              \u003ctd\u003eCreate a new resource with a server assigned id.\u003c/td\u003e\n            \u003c/tr\u003e\n            \u003ctr\u003e\n              \u003ctd\u003e\n                \u003ca href\u003d\"codesystem-restful-interaction.html#restful-interaction-create-conditional\"\u003ecreate-conditional\u003c/a\u003e\n              \u003c/td\u003e\n              \u003ctd\u003ecreate-conditional\u003c/td\u003e\n              \u003ctd\u003eCreate a new resource with a server assigned id if an equivalent resource does not already exist.\u003c/td\u003e\n            \u003c/tr\u003e\n            \u003ctr\u003e\n              \u003ctd\u003e\n                \u003ca href\u003d\"codesystem-restful-interaction.html#restful-interaction-search-type\"\u003esearch-type\u003c/a\u003e\n              \u003c/td\u003e\n              \u003ctd\u003esearch-type\u003c/td\u003e\n              \u003ctd\u003eSearch all resources of the specified type based on some filter criteria.\u003c/td\u003e\n            \u003c/tr\u003e\n          \u003c/table\u003e\n        \u003c/li\u003e\n      \u003c/ul\u003e\n    \u003c/div\u003e"
  },
  "extension": [
    {
      "url": "http://hl7.org/fhir/StructureDefinition/structuredefinition-wg",
      "valueCode": "fhir"
    },
    {
      "url": "http://hl7.org/fhir/StructureDefinition/structuredefinition-standards-status",
      "valueCode": "normative"
    },
    {
      "url": "http://hl7.org/fhir/StructureDefinition/structuredefinition-normative-version",
      "valueCode": "4.0.0"
    },
    {
      "url": "http://hl7.org/fhir/StructureDefinition/structuredefinition-fmm",
      "valueInteger": 5
    }
  ],
  "url": "http://hl7.org/fhir/ValueSet/type-restful-interaction",
  "identifier": [
    {
      "system": "urn:ietf:rfc:3986",
      "value": "urn:oid:2.16.840.1.113883.4.642.3.180"
    },
    {
      "use": "old",
      "system": "urn:ietf:rfc:3986",
      "value": "urn:oid:2.16.840.1.113883.4.642.3.170"
    },
    {
      "use": "old",
      "system": "urn:ietf:rfc:3986",
      "value": "urn:oid:2.16.840.1.113883.4.642.2.83"
    }
  ],
  "version": "6.0.0-ballot3",
  "name": "TypeRestfulInteraction",
  "title": "Type Restful Interaction",
  "status": "active",
  "experimental": false,
  "date": "2020-12-28T16:55:11+11:00",
  "publisher": "HL7 (FHIR Project)",
  "contact": [
    {
      "telecom": [
        {
          "system": "url",
          "value": "http://hl7.org/fhir"
        },
        {
          "system": "email",
          "value": "fhir@lists.hl7.org"
        }
      ]
    }
  ],
  "description": "Operations supported by REST at the type or instance level.",
  "jurisdiction": [
    {
      "coding": [
        {
          "system": "http://unstats.un.org/unsd/methods/m49/m49.htm",
          "code": "001",
          "display": "World"
        }
      ]
    }
  ],
  "compose": {
    "include": [
      {
        "system": "http://hl7.org/fhir/restful-interaction",
        "concept": [
          {
            "code": "read"
          },
          {
            "code": "vread"
          },
          {
            "code": "update"
          },
          {
            "code": "update-conditional"
          },
          {
            "code": "patch"
          },
          {
            "code": "patch-conditional"
          },
          {
            "code": "delete"
          },
          {
            "code": "delete-conditional-single"
          },
          {
            "code": "delete-conditional-multiple"
          },
          {
            "code": "delete-history"
          },
          {
            "code": "delete-history-version"
          },
          {
            "code": "history-instance"
          },
          {
            "code": "history-type"
          },
          {
            "code": "create"
          },
          {
            "code": "create-conditional"
          },
          {
            "code": "search-type"
          }
        ]
      }
    ]
  }
}