{
  "resourceType": "ValueSet",
  "id": "encounter-special-courtesy",
  "meta": {
    "lastUpdated": "2025-08-25T21:44:10.587+00:00",
    "profile": [
      "http://hl7.org/fhir/StructureDefinition/shareablevalueset"
    ]
  },
  "text": {
    "status": "extensions",
    "div": "\u003cdiv xmlns\u003d\"http://www.w3.org/1999/xhtml\"\u003e\u003cp class\u003d\"res-header-id\"\u003e\u003cb\u003eGenerated Narrative: ValueSet encounter-special-courtesy\u003c/b\u003e\u003c/p\u003e\u003ca name\u003d\"encounter-special-courtesy\"\u003e \u003c/a\u003e\u003ca name\u003d\"hcencounter-special-courtesy\"\u003e \u003c/a\u003e\u003cdiv style\u003d\"display: inline-block; background-color: #d9e0e7; padding: 6px; margin: 4px; border: 1px solid #8da1b4; border-radius: 5px; line-height: 60%\"\u003e\u003cp style\u003d\"margin-bottom: 0px\"/\u003e\u003cp style\u003d\"margin-bottom: 0px\"\u003eProfile: \u003ca href\u003d\"shareablevalueset.html\"\u003eShareable ValueSet\u003c/a\u003e\u003c/p\u003e\u003c/div\u003e\u003cp\u003eThis value set includes codes based on the following rules:\u003c/p\u003e\u003cul\u003e\u003cli\u003eInclude these codes as defined in \u003ca href\u003d\"http://terminology.hl7.org/6.5.0/CodeSystem-v3-EncounterSpecialCourtesy.html\"\u003e\u003ccode\u003ehttp://terminology.hl7.org/CodeSystem/v3-EncounterSpecialCourtesy\u003c/code\u003e\u003c/a\u003e\u003ctable class\u003d\"none\"\u003e\u003ctr\u003e\u003ctd style\u003d\"white-space:nowrap\"\u003e\u003cb\u003eCode\u003c/b\u003e\u003c/td\u003e\u003ctd\u003e\u003cb\u003eDisplay\u003c/b\u003e\u003c/td\u003e\u003ctd\u003e\u003cb\u003eDefinition\u003c/b\u003e\u003c/td\u003e\u003c/tr\u003e\u003ctr\u003e\u003ctd\u003e\u003ca href\u003d\"http://terminology.hl7.org/6.5.0/CodeSystem-v3-EncounterSpecialCourtesy.html#v3-EncounterSpecialCourtesy-EXT\"\u003eEXT\u003c/a\u003e\u003c/td\u003e\u003ctd style\u003d\"color: #cccccc\"\u003eextended courtesy\u003c/td\u003e\u003ctd/\u003e\u003c/tr\u003e\u003ctr\u003e\u003ctd\u003e\u003ca href\u003d\"http://terminology.hl7.org/6.5.0/CodeSystem-v3-EncounterSpecialCourtesy.html#v3-EncounterSpecialCourtesy-NRM\"\u003eNRM\u003c/a\u003e\u003c/td\u003e\u003ctd style\u003d\"color: #cccccc\"\u003enormal courtesy\u003c/td\u003e\u003ctd/\u003e\u003c/tr\u003e\u003ctr\u003e\u003ctd\u003e\u003ca href\u003d\"http://terminology.hl7.org/6.5.0/CodeSystem-v3-EncounterSpecialCourtesy.html#v3-EncounterSpecialCourtesy-PRF\"\u003ePRF\u003c/a\u003e\u003c/td\u003e\u003ctd style\u003d\"color: #cccccc\"\u003eprofessional courtesy\u003c/td\u003e\u003ctd/\u003e\u003c/tr\u003e\u003ctr\u003e\u003ctd\u003e\u003ca href\u003d\"http://terminology.hl7.org/6.5.0/CodeSystem-v3-EncounterSpecialCourtesy.html#v3-EncounterSpecialCourtesy-STF\"\u003eSTF\u003c/a\u003e\u003c/td\u003e\u003ctd style\u003d\"color: #cccccc\"\u003estaff\u003c/td\u003e\u003ctd\u003eCourtesies extended to the staff of the entity providing service.\u003c/td\u003e\u003c/tr\u003e\u003ctr\u003e\u003ctd\u003e\u003ca href\u003d\"http://terminology.hl7.org/6.5.0/CodeSystem-v3-EncounterSpecialCourtesy.html#v3-EncounterSpecialCourtesy-VIP\"\u003eVIP\u003c/a\u003e\u003c/td\u003e\u003ctd style\u003d\"color: #cccccc\"\u003every important person\u003c/td\u003e\u003ctd/\u003e\u003c/tr\u003e\u003c/table\u003e\u003c/li\u003e\u003cli\u003eInclude these codes as defined in \u003ca href\u003d\"http://terminology.hl7.org/6.5.0/CodeSystem-v3-NullFlavor.html\"\u003e\u003ccode\u003ehttp://terminology.hl7.org/CodeSystem/v3-NullFlavor\u003c/code\u003e\u003c/a\u003e\u003ctable class\u003d\"none\"\u003e\u003ctr\u003e\u003ctd style\u003d\"white-space:nowrap\"\u003e\u003cb\u003eCode\u003c/b\u003e\u003c/td\u003e\u003ctd\u003e\u003cb\u003eDisplay\u003c/b\u003e\u003c/td\u003e\u003ctd\u003e\u003cb\u003eDefinition\u003c/b\u003e\u003c/td\u003e\u003c/tr\u003e\u003ctr\u003e\u003ctd\u003e\u003ca href\u003d\"http://terminology.hl7.org/6.5.0/CodeSystem-v3-NullFlavor.html#v3-NullFlavor-UNK\"\u003eUNK\u003c/a\u003e\u003c/td\u003e\u003ctd style\u003d\"color: #cccccc\"\u003eunknown\u003c/td\u003e\u003ctd\u003e**Description:**A proper value is applicable, but not known.\u003cbr/\u003e\u003cbr/\u003e**Usage Notes**: This means the actual value is not known. If the only thing that is unknown is how to properly express the value in the necessary constraints (value set, datatype, etc.), then the OTH or UNC flavor should be used. No properties should be included for a datatype with this property unless:\u003cbr/\u003e\u003cbr/\u003e1.  Those properties themselves directly translate to a semantic of \u0026quot;unknown\u0026quot;. (E.g. a local code sent as a translation that conveys \u0027unknown\u0027)\u003cbr/\u003e2.  Those properties further qualify the nature of what is unknown. (E.g. specifying a use code of \u0026quot;H\u0026quot; and a URL prefix of \u0026quot;tel:\u0026quot; to convey that it is the home phone number that is unknown.)\u003c/td\u003e\u003c/tr\u003e\u003c/table\u003e\u003c/li\u003e\u003c/ul\u003e\u003c/div\u003e"
  },
  "extension": [
    {
      "url": "http://hl7.org/fhir/StructureDefinition/structuredefinition-wg",
      "valueCode": "pa"
    }
  ],
  "url": "http://hl7.org/fhir/ValueSet/encounter-special-courtesy",
  "identifier": [
    {
      "system": "urn:ietf:rfc:3986",
      "value": "urn:oid:2.16.840.1.113883.4.642.3.252"
    },
    {
      "use": "old",
      "system": "urn:ietf:rfc:3986",
      "value": "urn:oid:2.16.840.1.113883.4.642.3.247"
    },
    {
      "use": "old",
      "system": "urn:ietf:rfc:3986",
      "value": "urn:oid:2.16.840.1.113883.4.642.2.140"
    }
  ],
  "version": "6.0.0-ballot3",
  "name": "SpecialCourtesy",
  "title": "Special Courtesy",
  "status": "draft",
  "experimental": false,
  "publisher": "FHIR Project team",
  "contact": [
    {
      "telecom": [
        {
          "system": "url",
          "value": "http://hl7.org/fhir"
        }
      ]
    }
  ],
  "description": "This value set defines a set of codes that can be used to indicate special courtesies provided to the patient.",
  "jurisdiction": [
    {
      "coding": [
        {
          "system": "http://unstats.un.org/unsd/methods/m49/m49.htm",
          "code": "001",
          "display": "World"
        }
      ]
    }
  ],
  "compose": {
    "include": [
      {
        "system": "http://terminology.hl7.org/CodeSystem/v3-EncounterSpecialCourtesy",
        "concept": [
          {
            "code": "EXT"
          },
          {
            "code": "NRM"
          },
          {
            "code": "PRF"
          },
          {
            "code": "STF"
          },
          {
            "code": "VIP"
          }
        ]
      },
      {
        "system": "http://terminology.hl7.org/CodeSystem/v3-NullFlavor",
        "concept": [
          {
            "code": "UNK"
          }
        ]
      }
    ]
  }
}