{
  "resourceType": "ValueSet",
  "id": "supply-item",
  "meta": {
    "lastUpdated": "2025-08-25T21:44:10.587+00:00",
    "profile": [
      "http://hl7.org/fhir/StructureDefinition/shareablevalueset"
    ]
  },
  "text": {
    "status": "generated",
    "div": "\u003cdiv xmlns\u003d\"http://www.w3.org/1999/xhtml\"\u003e\u003cp class\u003d\"res-header-id\"\u003e\u003cb\u003eGenerated Narrative: ValueSet supply-item\u003c/b\u003e\u003c/p\u003e\u003ca name\u003d\"supply-item\"\u003e \u003c/a\u003e\u003ca name\u003d\"hcsupply-item\"\u003e \u003c/a\u003e\u003cdiv style\u003d\"display: inline-block; background-color: #d9e0e7; padding: 6px; margin: 4px; border: 1px solid #8da1b4; border-radius: 5px; line-height: 60%\"\u003e\u003cp style\u003d\"margin-bottom: 0px\"/\u003e\u003cp style\u003d\"margin-bottom: 0px\"\u003eProfile: \u003ca href\u003d\"shareablevalueset.html\"\u003eShareable ValueSet\u003c/a\u003e\u003c/p\u003e\u003c/div\u003e\u003cp\u003eThis value set includes codes based on the following rules:\u003c/p\u003e\u003cul\u003e\u003cli\u003eInclude codes from\u003ca href\u003d\"http://www.snomed.org/\"\u003e\u003ccode\u003ehttp://snomed.info/sct\u003c/code\u003e\u003c/a\u003e where concept  is-a 105590001 (Substance)\u003c/li\u003e\u003cli\u003eInclude codes from\u003ca href\u003d\"http://www.snomed.org/\"\u003e\u003ccode\u003ehttp://snomed.info/sct\u003c/code\u003e\u003c/a\u003e where concept  is-a 260787004 (Physical object)\u003c/li\u003e\u003c/ul\u003e\u003c/div\u003e"
  },
  "extension": [
    {
      "url": "http://hl7.org/fhir/StructureDefinition/structuredefinition-wg",
      "valueCode": "oo"
    },
    {
      "url": "http://hl7.org/fhir/StructureDefinition/structuredefinition-standards-status",
      "valueCode": "draft"
    },
    {
      "url": "http://hl7.org/fhir/StructureDefinition/structuredefinition-fmm",
      "valueInteger": 1
    }
  ],
  "url": "http://hl7.org/fhir/ValueSet/supply-item",
  "identifier": [
    {
      "system": "urn:ietf:rfc:3986",
      "value": "urn:oid:2.16.840.1.113883.4.642.3.699"
    },
    {
      "use": "old",
      "system": "urn:ietf:rfc:3986",
      "value": "urn:oid:2.16.840.1.113883.4.642.3.685"
    }
  ],
  "version": "6.0.0-ballot3",
  "name": "SNOMEDCTSupplyItem",
  "title": "SNOMED CT Supply Item",
  "status": "draft",
  "experimental": false,
  "date": "2016-05-18T16:57:59+00:00",
  "publisher": "FHIR Project team",
  "contact": [
    {
      "telecom": [
        {
          "system": "url",
          "value": "http://hl7.org/fhir"
        }
      ]
    }
  ],
  "description": "This value set includes [SNOMED CT](http://snomed.info/sct) where concept is-a 105590001 (Substance (substance)) or  concept is-a 260787004 (Physical object)  and provided as an example value set.",
  "jurisdiction": [
    {
      "coding": [
        {
          "system": "http://unstats.un.org/unsd/methods/m49/m49.htm",
          "code": "001",
          "display": "World"
        }
      ]
    }
  ],
  "copyright": "This value set includes content from SNOMED CT, which is copyright © 2002+ International Health Terminology Standards Development Organisation (IHTSDO), and distributed by agreement between IHTSDO and HL7. Implementer use of SNOMED CT is not covered by this agreement.",
  "compose": {
    "include": [
      {
        "system": "http://snomed.info/sct",
        "filter": [
          {
            "property": "concept",
            "op": "is-a",
            "value": "105590001"
          }
        ]
      },
      {
        "system": "http://snomed.info/sct",
        "filter": [
          {
            "property": "concept",
            "op": "is-a",
            "value": "260787004"
          }
        ]
      }
    ]
  }
}