{
  "resourceType": "ValueSet",
  "id": "all-distance-units",
  "meta": {
    "lastUpdated": "2025-08-25T21:44:10.587+00:00",
    "profile": [
      "http://hl7.org/fhir/StructureDefinition/shareablevalueset"
    ]
  },
  "text": {
    "status": "generated",
    "div": "\u003cdiv xmlns\u003d\"http://www.w3.org/1999/xhtml\"\u003e\u003cp class\u003d\"res-header-id\"\u003e\u003cb\u003eGenerated Narrative: ValueSet all-distance-units\u003c/b\u003e\u003c/p\u003e\u003ca name\u003d\"all-distance-units\"\u003e \u003c/a\u003e\u003ca name\u003d\"hcall-distance-units\"\u003e \u003c/a\u003e\u003cdiv style\u003d\"display: inline-block; background-color: #d9e0e7; padding: 6px; margin: 4px; border: 1px solid #8da1b4; border-radius: 5px; line-height: 60%\"\u003e\u003cp style\u003d\"margin-bottom: 0px\"/\u003e\u003cp style\u003d\"margin-bottom: 0px\"\u003eProfile: \u003ca href\u003d\"shareablevalueset.html\"\u003eShareable ValueSet\u003c/a\u003e\u003c/p\u003e\u003c/div\u003e\u003cul\u003e\u003cli\u003eInclude codes from\u003ca href\u003d\"http://unitsofmeasure.org\"\u003e\u003ccode\u003ehttp://unitsofmeasure.org\u003c/code\u003e\u003c/a\u003e where canonical  \u003d m (m)\u003c/li\u003e\u003c/ul\u003e\u003c/div\u003e"
  },
  "extension": [
    {
      "url": "http://hl7.org/fhir/StructureDefinition/structuredefinition-wg",
      "valueCode": "fhir"
    }
  ],
  "url": "http://hl7.org/fhir/ValueSet/all-distance-units",
  "identifier": [
    {
      "system": "urn:ietf:rfc:3986",
      "value": "urn:oid:2.16.840.1.113883.4.642.3.3303"
    }
  ],
  "version": "6.0.0-ballot3",
  "name": "AllUCUMExpressionForDistance",
  "title": "All UCUM Expression for Distance",
  "status": "draft",
  "experimental": false,
  "publisher": "HL7 International / FHIR Infrastructure",
  "contact": [
    {
      "telecom": [
        {
          "system": "url",
          "value": "http://www.hl7.org/Special/committees/fiwg"
        }
      ]
    }
  ],
  "description": "Unified Code for Units of Measure (UCUM). This value set includes all possible UCUM codes used for distance measures - that it is, all units which have the same canonical unit as \u0027m\u0027 (metre)",
  "copyright": "The UCUM codes, UCUM table (regardless of format), and UCUM Specification are copyright © 1999-2009, Regenstrief Institute, Inc. and the Unified Codes for Units of Measures (UCUM) Organization. All rights reserved.",
  "compose": {
    "include": [
      {
        "system": "http://unitsofmeasure.org",
        "filter": [
          {
            "property": "canonical",
            "op": "\u003d",
            "value": "m"
          }
        ]
      }
    ]
  }
}